test_01_create_root_group (test_account_groups.TestGroupCRUD.test_01_create_root_group) ... ok
test_02_create_child_group (test_account_groups.TestGroupCRUD.test_02_create_child_group) ... ok
test_03_parent_relationship_works (test_account_groups.TestGroupCRUD.test_03_parent_relationship_works) ... ok
test_04_duplicate_name_rejected (test_account_groups.TestGroupCRUD.test_04_duplicate_name_rejected) ... ok
test_05_circular_parent_rejected (test_account_groups.TestGroupCRUD.test_05_circular_parent_rejected) ... ok
test_06_edit_group (test_account_groups.TestGroupCRUD.test_06_edit_group) ... ok
test_07_search (test_account_groups.TestGroupCRUD.test_07_search) ... ok
test_08_delete_unused_group (test_account_groups.TestGroupCRUD.test_08_delete_unused_group) ... ok
test_09_prevent_deletion_used_by_ledger (test_account_groups.TestGroupCRUD.test_09_prevent_deletion_used_by_ledger) ... ok
test_26_create_ledger_with_structured_group (test_account_groups.TestLedgerWithStructuredGroup.test_26_create_ledger_with_structured_group) ... ok
test_27_edit_ledger_structured_group (test_account_groups.TestLedgerWithStructuredGroup.test_27_edit_ledger_structured_group) ... ok
test_10_structured_ledger_mapping_works (test_account_groups.TestMigration.test_10_structured_ledger_mapping_works) ... ok
test_11_existing_account_group_text_preserved (test_account_groups.TestMigration.test_11_existing_account_group_text_preserved) ... ok
test_12_existing_ledgers_survive_migration (test_account_groups.TestMigration.test_12_existing_ledgers_survive_migration) ... ok
test_13_existing_customer_mappings_survive (test_account_groups.TestMigration.test_13_existing_customer_mappings_survive) ... ok
test_14_existing_supplier_mappings_survive (test_account_groups.TestMigration.test_14_existing_supplier_mappings_survive) ... ok
test_15_existing_transactions_survive (test_account_groups.TestMigration.test_15_existing_transactions_survive) ... ok
test_16_existing_system_roles_survive (test_account_groups.TestMigration.test_16_existing_system_roles_survive) ... ok
test_24_migration_idempotent (test_account_groups.TestMigrationProperties.test_24_migration_idempotent) ... ok
test_25_migration_preserves_data (test_account_groups.TestMigrationProperties.test_25_migration_preserves_data) ... ok
test_38_sundry_debtors_maps_to_current_assets (test_account_groups.TestPartyClassification.test_38_sundry_debtors_maps_to_current_assets) ... ok
test_39_sundry_creditors_maps_to_current_liabilities (test_account_groups.TestPartyClassification.test_39_sundry_creditors_maps_to_current_liabilities) ... ok
test_40_customer_ledger_gets_sundry_debtors_group (test_account_groups.TestPartyClassification.test_40_customer_ledger_gets_sundry_debtors_group) ... ok
test_41_supplier_ledger_gets_sundry_creditors_group (test_account_groups.TestPartyClassification.test_41_supplier_ledger_gets_sundry_creditors_group) ... ok
test_46_customer_ledger_id_unchanged_after_migration (test_account_groups.TestPartyIdentityPreservation.test_46_customer_ledger_id_unchanged_after_migration) ... ok
test_47_supplier_ledger_id_unchanged_after_migration (test_account_groups.TestPartyIdentityPreservation.test_47_supplier_ledger_id_unchanged_after_migration) ... ok
test_48_customer_transactions_unchanged (test_account_groups.TestPartyIdentityPreservation.test_48_customer_transactions_unchanged) ... ok
test_49_supplier_transactions_unchanged (test_account_groups.TestPartyIdentityPreservation.test_49_supplier_transactions_unchanged) ... ok
test_50_party_migration_idempotent (test_account_groups.TestPartyMigrationProperties.test_50_party_migration_idempotent) ... ok
test_51_custom_classifications_not_overwritten (test_account_groups.TestPartyMigrationProperties.test_51_custom_classifications_not_overwritten) ... ok
test_42_customer_normal_balance_is_debit (test_account_groups.TestPartyNormalBalance.test_42_customer_normal_balance_is_debit) ... ok
test_43_supplier_normal_balance_is_credit (test_account_groups.TestPartyNormalBalance.test_43_supplier_normal_balance_is_credit) ... ok
test_44_customer_statement_type_is_asset (test_account_groups.TestPartyNormalBalance.test_44_customer_statement_type_is_asset) ... ok
test_45_supplier_statement_type_is_liability (test_account_groups.TestPartyNormalBalance.test_45_supplier_statement_type_is_liability) ... ok
test_52_trial_balance_still_works (test_account_groups.TestPartyRegression.test_52_trial_balance_still_works) ... ok
test_53_account_ledger_classified (test_account_groups.TestPartyRegression.test_53_account_ledger_classified) ... ok
test_54_customer_receipt_still_works (test_account_groups.TestPartyRegression.test_54_customer_receipt_still_works) ... ok
test_55_supplier_payment_still_works (test_account_groups.TestPartyRegression.test_55_supplier_payment_still_works) ... ok
test_56_counter_sale_still_works (test_account_groups.TestPartyRegression.test_56_counter_sale_still_works) ... ok
test_57_purchase_still_works (test_account_groups.TestPartyRegression.test_57_purchase_still_works) ... ok
test_58_all_master_screens_data (test_account_groups.TestPartyRegression.test_58_all_master_screens_data) ... ok
test_28_trial_balance_still_works (test_account_groups.TestRegression.test_28_trial_balance_still_works) ... ok
test_29_customer_receipt_still_works (test_account_groups.TestRegression.test_29_customer_receipt_still_works) ... ok
test_30_supplier_payment_still_works (test_account_groups.TestRegression.test_30_supplier_payment_still_works) ... ok
test_31_counter_sale_still_works (test_account_groups.TestRegression.test_31_counter_sale_still_works) ... ok
test_32_purchase_still_works (test_account_groups.TestRegression.test_32_purchase_still_works) ... ok
test_33_credit_note_still_works (test_account_groups.TestRegression.test_33_credit_note_still_works) ... ok
test_34_debit_note_still_works (test_account_groups.TestRegression.test_34_debit_note_still_works) ... ok
test_35_journal_entry_still_works (test_account_groups.TestRegression.test_35_journal_entry_still_works) ... ok
test_36_stock_master_still_works (test_account_groups.TestRegression.test_36_stock_master_still_works) ... ok
test_37_account_groups_get_tree (test_account_groups.TestRegression.test_37_account_groups_get_tree) ... ok
test_17_cash_classification (test_account_groups.TestSystemRoleClassification.test_17_cash_classification) ... ok
test_18_bank_classification (test_account_groups.TestSystemRoleClassification.test_18_bank_classification) ... ok
test_19_sales_classification (test_account_groups.TestSystemRoleClassification.test_19_sales_classification) ... ok
test_20_purchase_classification (test_account_groups.TestSystemRoleClassification.test_20_purchase_classification) ... ok
test_21_sales_return_classification (test_account_groups.TestSystemRoleClassification.test_21_sales_return_classification) ... ok
test_22_purchase_return_classification (test_account_groups.TestSystemRoleClassification.test_22_purchase_return_classification) ... ok
test_23_unmapped_legacy_group_remains_unresolved (test_account_groups.TestUnmappedLegacy.test_23_unmapped_legacy_group_remains_unresolved) ... ok
test_01_create_ledger (test_account_ledger.TestLedgerCRUD.test_01_create_ledger) ... ok
test_02_edit_ledger (test_account_ledger.TestLedgerCRUD.test_02_edit_ledger) ... ok
test_03_duplicate_ledger_validation (test_account_ledger.TestLedgerCRUD.test_03_duplicate_ledger_validation) ... ok
test_04_search_ledger (test_account_ledger.TestLedgerCRUD.test_04_search_ledger) ... ok
test_05_empty_search_returns_all (test_account_ledger.TestLedgerCRUD.test_05_empty_search_returns_all) ... ok
test_16_customer_master_still_works (test_account_ledger.TestLedgerCrossModule.test_16_customer_master_still_works) ... ok
test_17_supplier_master_still_works (test_account_ledger.TestLedgerCrossModule.test_17_supplier_master_still_works) ... ok
test_18_supplier_payment_still_works (test_account_ledger.TestLedgerCrossModule.test_18_supplier_payment_still_works) ... ok
test_19_customer_receipt_still_works (test_account_ledger.TestLedgerCrossModule.test_19_customer_receipt_still_works) ... ok
test_20_purchase_still_works (test_account_ledger.TestLedgerCrossModule.test_20_purchase_still_works) ... ok
test_21_counter_sale_still_works (test_account_ledger.TestLedgerCrossModule.test_21_counter_sale_still_works) ... ok
test_22_credit_note_still_works (test_account_ledger.TestLedgerCrossModule.test_22_credit_note_still_works) ... ok
test_23_debit_note_still_works (test_account_ledger.TestLedgerCrossModule.test_23_debit_note_still_works) ... ok
test_24_stock_master_still_works (test_account_ledger.TestLedgerCrossModule.test_24_stock_master_still_works) ... ok
test_25_all_master_screens_still_work (test_account_ledger.TestLedgerCrossModule.test_25_all_master_screens_still_work) ... ok
test_06_opening_debit_balance (test_account_ledger.TestLedgerOpeningBalance.test_06_opening_debit_balance) ... ok
test_07_opening_credit_balance (test_account_ledger.TestLedgerOpeningBalance.test_07_opening_credit_balance) ... ok
test_13_persistence_across_connections (test_account_ledger.TestLedgerPersistence.test_13_persistence_across_connections) ... ok
test_11_running_balance (test_account_ledger.TestLedgerRunningBalance.test_11_running_balance) ... ok
test_12_multiple_transactions_chronological (test_account_ledger.TestLedgerRunningBalance.test_12_multiple_transactions_chronological) ... ok
test_08_add_debit_transaction (test_account_ledger.TestLedgerTransactions.test_08_add_debit_transaction) ... ok
test_09_add_credit_transaction (test_account_ledger.TestLedgerTransactions.test_09_add_credit_transaction) ... ok
test_10_verify_balance_calculation (test_account_ledger.TestLedgerTransactions.test_10_verify_balance_calculation) ... ok
test_14_invalid_numeric_input (test_account_ledger.TestLedgerValidation.test_14_invalid_numeric_input) ... ok
test_15_missing_ledger_name (test_account_ledger.TestLedgerValidation.test_15_missing_ledger_name) ... ok
test_17_screen_opens (test_account_roles.TestAccountRolesScreen.test_17_screen_opens) ... ok
test_18_screen_shows_correct_status (test_account_roles.TestAccountRolesScreen.test_18_screen_shows_correct_status) ... ok
test_19_refresh_works (test_account_roles.TestAccountRolesScreen.test_19_refresh_works) ... ok
test_20_account_ledger_still_works (test_account_roles.TestExistingModulesStillWork.test_20_account_ledger_still_works) ... ok
test_21_customer_receipt_still_works (test_account_roles.TestExistingModulesStillWork.test_21_customer_receipt_still_works) ... ok
test_22_supplier_payment_still_works (test_account_roles.TestExistingModulesStillWork.test_22_supplier_payment_still_works) ... ok
test_23_purchase_still_works (test_account_roles.TestExistingModulesStillWork.test_23_purchase_still_works) ... ok
test_24_counter_sale_still_works (test_account_roles.TestExistingModulesStillWork.test_24_counter_sale_still_works) ... ok
test_25_credit_note_still_works (test_account_roles.TestExistingModulesStillWork.test_25_credit_note_still_works) ... ok
test_26_debit_note_still_works (test_account_roles.TestExistingModulesStillWork.test_26_debit_note_still_works) ... ok
test_27_journal_entry_still_works (test_account_roles.TestExistingModulesStillWork.test_27_journal_entry_still_works) ... ok
test_28_stock_master_still_works (test_account_roles.TestExistingModulesStillWork.test_28_stock_master_still_works) ... ok
test_29_master_screens_data_layer_still_works (test_account_roles.TestExistingModulesStillWork.test_29_master_screens_data_layer_still_works) ... ok
test_01_fresh_database_creates_required_system_ledgers (test_account_roles.TestSystemRoles.test_01_fresh_database_creates_required_system_ledgers) ... ok
test_02_initialization_twice_creates_no_duplicates (test_account_roles.TestSystemRoles.test_02_initialization_twice_creates_no_duplicates) ... ok
test_03_get_by_system_role_works (test_account_roles.TestSystemRoles.test_03_get_by_system_role_works) ... ok
test_04_system_role_uniqueness (test_account_roles.TestSystemRoles.test_04_system_role_uniqueness) ... ok
test_05_existing_user_ledgers_remain_unchanged (test_account_roles.TestSystemRoles.test_05_existing_user_ledgers_remain_unchanged) ... ok
test_06_existing_customer_mappings_remain_unchanged (test_account_roles.TestSystemRoles.test_06_existing_customer_mappings_remain_unchanged) ... ok
test_07_existing_supplier_mappings_remain_unchanged (test_account_roles.TestSystemRoles.test_07_existing_supplier_mappings_remain_unchanged) ... ok
test_08_existing_ledger_transactions_remain_unchanged (test_account_roles.TestSystemRoles.test_08_existing_ledger_transactions_remain_unchanged) ... ok
test_09_missing_required_system_account_is_initialized (test_account_roles.TestSystemRoles.test_09_missing_required_system_account_is_initialized) ... ok
test_10_already_configured_system_account_is_reused (test_account_roles.TestSystemRoles.test_10_already_configured_system_account_is_reused) ... ok
test_11_cash_role_exists (test_account_roles.TestSystemRoles.test_11_cash_role_exists) ... ok
test_12_bank_role_exists (test_account_roles.TestSystemRoles.test_12_bank_role_exists) ... ok
test_13_sales_role_exists (test_account_roles.TestSystemRoles.test_13_sales_role_exists) ... ok
test_14_purchase_role_exists (test_account_roles.TestSystemRoles.test_14_purchase_role_exists) ... ok
test_15_sales_return_role_exists (test_account_roles.TestSystemRoles.test_15_sales_return_role_exists) ... ok
test_16_purchase_return_role_exists (test_account_roles.TestSystemRoles.test_16_purchase_return_role_exists) ... ok
test_24_all_seven_types_post_independently (test_accounting_end_to_end.TestScenario10_CrossModuleIndependence.test_24_all_seven_types_post_independently) ... ok
test_25_global_balance_invariant (test_accounting_end_to_end.TestScenario10_CrossModuleIndependence.test_25_global_balance_invariant) ... ok
test_26_posting_visible_via_get_posting_rows (test_accounting_end_to_end.TestScenario11_PersistenceAndBalance.test_26_posting_visible_via_get_posting_rows) ... ok
test_27_ledger_transactions_visible_via_dao (test_accounting_end_to_end.TestScenario11_PersistenceAndBalance.test_27_ledger_transactions_visible_via_dao) ... ok
test_28_fresh_connection_reads_posting (test_accounting_end_to_end.TestScenario11_PersistenceAndBalance.test_28_fresh_connection_reads_posting) ... ok
test_29_multiple_receipts\u7d2f\u79ef\u6b63\u786e (test_accounting_end_to_end.TestScenario11_PersistenceAndBalance.test_29_multiple_receipts\u7d2f\u79ef\u6b63\u786e) ... ok
test_01_cash_receipt_debits_cash (test_accounting_end_to_end.TestScenario1_CustomerReceipt.test_01_cash_receipt_debits_cash) ... ok
test_02_bank_receipt_debits_bank (test_accounting_end_to_end.TestScenario1_CustomerReceipt.test_02_bank_receipt_debits_bank) ... ok
test_03_reference_fields_correct (test_accounting_end_to_end.TestScenario1_CustomerReceipt.test_03_reference_fields_correct) ... ok
test_04_cash_payment_credits_cash (test_accounting_end_to_end.TestScenario2_SupplierPayment.test_04_cash_payment_credits_cash) ... ok
test_05_bank_payment_credits_bank (test_accounting_end_to_end.TestScenario2_SupplierPayment.test_05_bank_payment_credits_bank) ... ok
test_06_walkin_cash_sale (test_accounting_end_to_end.TestScenario3_CounterSale.test_06_walkin_cash_sale) ... ok
test_07_walkin_sale_voucher_type (test_accounting_end_to_end.TestScenario3_CounterSale.test_07_walkin_sale_voucher_type) ... ok
test_08_credit_purchase (test_accounting_end_to_end.TestScenario4_PurchaseInvoice.test_08_credit_purchase) ... ok
test_09_partial_payment_purchase (test_accounting_end_to_end.TestScenario4_PurchaseInvoice.test_09_partial_payment_purchase) ... ok
test_10_credit_note_posting (test_accounting_end_to_end.TestScenario5_CreditNote.test_10_credit_note_posting) ... ok
test_11_debit_note_posting (test_accounting_end_to_end.TestScenario6_DebitNote.test_11_debit_note_posting) ... ok
test_12_journal_entry_posting (test_accounting_end_to_end.TestScenario7_JournalEntry.test_12_journal_entry_posting) ... ok
test_13_journal_entry_voucher_type (test_accounting_end_to_end.TestScenario7_JournalEntry.test_13_journal_entry_voucher_type) ... ok
test_14_edit_customer_receipt (test_accounting_end_to_end.TestScenario8_EditRepostLifecycle.test_14_edit_customer_receipt) ... ok
test_15_edit_supplier_payment (test_accounting_end_to_end.TestScenario8_EditRepostLifecycle.test_15_edit_supplier_payment) ... ok
test_16_edit_credit_note (test_accounting_end_to_end.TestScenario8_EditRepostLifecycle.test_16_edit_credit_note) ... ok
test_17_edit_debit_note (test_accounting_end_to_end.TestScenario8_EditRepostLifecycle.test_17_edit_debit_note) ... ok
test_18_edit_journal_entry (test_accounting_end_to_end.TestScenario8_EditRepostLifecycle.test_18_edit_journal_entry) ... ok
test_19_delete_customer_receipt (test_accounting_end_to_end.TestScenario9_DeleteLifecycle.test_19_delete_customer_receipt) ... ok
test_20_delete_supplier_payment (test_accounting_end_to_end.TestScenario9_DeleteLifecycle.test_20_delete_supplier_payment) ... ok
test_21_delete_credit_note (test_accounting_end_to_end.TestScenario9_DeleteLifecycle.test_21_delete_credit_note) ... ok
test_22_delete_debit_note (test_accounting_end_to_end.TestScenario9_DeleteLifecycle.test_22_delete_debit_note) ... ok
test_23_delete_journal_entry (test_accounting_end_to_end.TestScenario9_DeleteLifecycle.test_23_delete_journal_entry) ... ok
test_01_customer_has_linked_ledger (test_accounting_posting.TestCashReceiptPosting.test_01_customer_has_linked_ledger) ... ok
test_02_cash_system_ledger_exists (test_accounting_posting.TestCashReceiptPosting.test_02_cash_system_ledger_exists) ... ok
test_03_bank_system_ledger_exists (test_accounting_posting.TestCashReceiptPosting.test_03_bank_system_ledger_exists) ... ok
test_04_create_valid_cash_receipt (test_accounting_posting.TestCashReceiptPosting.test_04_create_valid_cash_receipt) ... ok
test_05_exactly_two_posting_rows (test_accounting_posting.TestCashReceiptPosting.test_05_exactly_two_posting_rows) ... ok
test_06_cash_ledger_debited (test_accounting_posting.TestCashReceiptPosting.test_06_cash_ledger_debited) ... ok
test_07_customer_ledger_credited (test_accounting_posting.TestCashReceiptPosting.test_07_customer_ledger_credited) ... ok
test_08_amount_equality_debit_equals_credit (test_accounting_posting.TestCashReceiptPosting.test_08_amount_equality_debit_equals_credit) ... ok
test_09_reference_type_set (test_accounting_posting.TestCashReceiptPosting.test_09_reference_type_set) ... ok
test_10_reference_id_set (test_accounting_posting.TestCashReceiptPosting.test_10_reference_id_set) ... ok
test_11_voucher_number_set (test_accounting_posting.TestCashReceiptPosting.test_11_voucher_number_set) ... ok
test_18_duplicate_posting_refused (test_accounting_posting.TestDuplicateAndReverse.test_18_duplicate_posting_refused) ... ok
test_19_no_duplicate_ledger_effect (test_accounting_posting.TestDuplicateAndReverse.test_19_no_duplicate_ledger_effect) ... ok
test_20_reverse_receipt (test_accounting_posting.TestDuplicateAndReverse.test_20_reverse_receipt) ... ok
test_21_mirrored_reversal_rows (test_accounting_posting.TestDuplicateAndReverse.test_21_mirrored_reversal_rows) ... ok
test_22_net_effect_zero_after_reversal (test_accounting_posting.TestDuplicateAndReverse.test_22_net_effect_zero_after_reversal) ... ok
test_23_edit_receipt (test_accounting_posting.TestEditAndDelete.test_23_edit_receipt) ... ok
test_24_old_posting_reversed_on_edit (test_accounting_posting.TestEditAndDelete.test_24_old_posting_reversed_on_edit) ... ok
test_25_new_amount_posted_on_edit (test_accounting_posting.TestEditAndDelete.test_25_new_amount_posted_on_edit) ... ok
test_26_delete_receipt (test_accounting_posting.TestEditAndDelete.test_26_delete_receipt) ... ok
test_27_delete_reverses_accounting_effect (test_accounting_posting.TestEditAndDelete.test_27_delete_reverses_accounting_effect) ... ok
test_28_missing_customer_ledger_fails_safely (test_accounting_posting.TestFailureSafety.test_28_missing_customer_ledger_fails_safely) ... ok
test_29_missing_system_ledger_fails_safely (test_accounting_posting.TestFailureSafety.test_29_missing_system_ledger_fails_safely) ... ok
test_30_invalid_receipt_amount_fails_safely (test_accounting_posting.TestFailureSafety.test_30_invalid_receipt_amount_fails_safely) ... ok
test_31_unsupported_payment_mode_fails_safely (test_accounting_posting.TestFailureSafety.test_31_unsupported_payment_mode_fails_safely) ... ok
test_32_failure_during_posting_rolls_back_everything (test_accounting_posting.TestFailureSafety.test_32_failure_during_posting_rolls_back_everything) ... ok
test_33_failure_after_source_update_rolls_back_everything (test_accounting_posting.TestFailureSafety.test_33_failure_after_source_update_rolls_back_everything) ... ok
test_12_create_bank_receipt (test_accounting_posting.TestPaymentModes.test_12_create_bank_receipt) ... ok
test_13_bank_receipt_debits_bank (test_accounting_posting.TestPaymentModes.test_13_bank_receipt_debits_bank) ... ok
test_14_create_cheque_receipt (test_accounting_posting.TestPaymentModes.test_14_create_cheque_receipt) ... ok
test_15_cheque_receipt_debits_bank (test_accounting_posting.TestPaymentModes.test_15_cheque_receipt_debits_bank) ... ok
test_16_create_upi_receipt (test_accounting_posting.TestPaymentModes.test_16_create_upi_receipt) ... ok
test_17_upi_receipt_debits_bank (test_accounting_posting.TestPaymentModes.test_17_upi_receipt_debits_bank) ... ok
test_34_restart_and_verify_persistence (test_accounting_posting.TestPersistenceAndLedger.test_34_restart_and_verify_persistence) ... ok
test_35_account_ledger_displays_receipt_entries (test_accounting_posting.TestPersistenceAndLedger.test_35_account_ledger_displays_receipt_entries) ... ok
test_36_customer_receipt_functionality_still_works (test_accounting_posting.TestRegression.test_36_customer_receipt_functionality_still_works) ... ok
test_37_supplier_payment_still_works (test_accounting_posting.TestRegression.test_37_supplier_payment_still_works) ... ok
test_38_purchase_still_works (test_accounting_posting.TestRegression.test_38_purchase_still_works) ... ok
test_39_counter_sale_still_works (test_accounting_posting.TestRegression.test_39_counter_sale_still_works) ... ok
test_40_credit_note_still_works (test_accounting_posting.TestRegression.test_40_credit_note_still_works) ... ok
test_41_debit_note_still_works (test_accounting_posting.TestRegression.test_41_debit_note_still_works) ... ok
test_42_journal_entry_still_works (test_accounting_posting.TestRegression.test_42_journal_entry_still_works) ... ok
test_43_stock_master_still_works (test_accounting_posting.TestRegression.test_43_stock_master_still_works) ... ok
test_44_all_master_screens_still_work (test_accounting_posting.TestRegression.test_44_all_master_screens_still_work) ... ok
test_01_roles_exact (test_auth.AuthenticationTests.test_01_roles_exact) ... ok
test_02_permission_map_exact_roles (test_auth.AuthenticationTests.test_02_permission_map_exact_roles) ... ok
test_03_admin_role_constant (test_auth.AuthenticationTests.test_03_admin_role_constant) ... ok
test_04_staff_role_constant (test_auth.AuthenticationTests.test_04_staff_role_constant) ... ok
test_05_no_forbidden_role_text_in_service (test_auth.AuthenticationTests.test_05_no_forbidden_role_text_in_service) ... ok
test_06_no_extra_roles (test_auth.AuthenticationTests.test_06_no_extra_roles) ... ok
test_07_password_hash_not_plaintext (test_auth.AuthenticationTests.test_07_password_hash_not_plaintext) ... ok
test_08_password_hash_salted (test_auth.AuthenticationTests.test_08_password_hash_salted) ... ok
test_09_password_verify_true (test_auth.AuthenticationTests.test_09_password_verify_true) ... ok
test_10_password_verify_false (test_auth.AuthenticationTests.test_10_password_verify_false) ... ok
test_11_short_password_rejected (test_auth.AuthenticationTests.test_11_short_password_rejected) ... ok
test_12_malformed_hash_rejected (test_auth.AuthenticationTests.test_12_malformed_hash_rejected) ... ok
test_13_first_admin_created (test_auth.AuthenticationTests.test_13_first_admin_created) ... ok
test_14_first_admin_active (test_auth.AuthenticationTests.test_14_first_admin_active) ... ok
test_15_first_admin_only_once (test_auth.AuthenticationTests.test_15_first_admin_only_once) ... ok
test_16_first_admin_password_hashed (test_auth.AuthenticationTests.test_16_first_admin_password_hashed) ... ok
test_17_username_required_first_admin (test_auth.AuthenticationTests.test_17_username_required_first_admin) ... ok
test_18_first_admin_preserves_existing_data (test_auth.AuthenticationTests.test_18_first_admin_preserves_existing_data) ... ok
test_19_schema_idempotent (test_auth.AuthenticationTests.test_19_schema_idempotent) ... ok
test_20_login_success (test_auth.AuthenticationTests.test_20_login_success) ... ok
test_21_login_wrong_password (test_auth.AuthenticationTests.test_21_login_wrong_password) ... ok
test_22_login_unknown_user (test_auth.AuthenticationTests.test_22_login_unknown_user) ... ok
test_23_login_case_insensitive_username (test_auth.AuthenticationTests.test_23_login_case_insensitive_username) ... ok
test_24_logout_clears_session (test_auth.AuthenticationTests.test_24_logout_clears_session) ... ok
test_25_logout_audited (test_auth.AuthenticationTests.test_25_logout_audited) ... ok
test_26_login_success_audited (test_auth.AuthenticationTests.test_26_login_success_audited) ... ok
test_27_login_failure_audited (test_auth.AuthenticationTests.test_27_login_failure_audited) ... ok
test_28_staff_login (test_auth.AuthenticationTests.test_28_staff_login) ... ok
test_29_admin_all_operational (test_auth.AuthenticationTests.test_29_admin_all_operational) ... ok
test_30_admin_edit (test_auth.AuthenticationTests.test_30_admin_edit) ... ok
test_31_admin_delete (test_auth.AuthenticationTests.test_31_admin_delete) ... ok
test_32_admin_import (test_auth.AuthenticationTests.test_32_admin_import) ... ok
test_33_admin_backup (test_auth.AuthenticationTests.test_33_admin_backup) ... ok
test_34_admin_restore (test_auth.AuthenticationTests.test_34_admin_restore) ... ok
test_35_admin_users (test_auth.AuthenticationTests.test_35_admin_users) ... ok
test_36_admin_security (test_auth.AuthenticationTests.test_36_admin_security) ... ok
test_37_staff_masters (test_auth.AuthenticationTests.test_37_staff_masters) ... ok
test_38_staff_purchase (test_auth.AuthenticationTests.test_38_staff_purchase) ... ok
test_39_staff_sales (test_auth.AuthenticationTests.test_39_staff_sales) ... ok
test_40_staff_counter_sale (test_auth.AuthenticationTests.test_40_staff_counter_sale) ... ok
test_41_staff_credit_note (test_auth.AuthenticationTests.test_41_staff_credit_note) ... ok
test_42_staff_debit_note (test_auth.AuthenticationTests.test_42_staff_debit_note) ... ok
test_43_staff_receipt (test_auth.AuthenticationTests.test_43_staff_receipt) ... ok
test_44_staff_payment (test_auth.AuthenticationTests.test_44_staff_payment) ... ok
test_45_staff_reports (test_auth.AuthenticationTests.test_45_staff_reports) ... ok
test_46_staff_print (test_auth.AuthenticationTests.test_46_staff_print) ... ok
test_47_staff_no_edit (test_auth.AuthenticationTests.test_47_staff_no_edit) ... ok
test_48_staff_no_delete (test_auth.AuthenticationTests.test_48_staff_no_delete) ... ok
test_49_staff_no_import (test_auth.AuthenticationTests.test_49_staff_no_import) ... ok
test_50_staff_no_backup (test_auth.AuthenticationTests.test_50_staff_no_backup) ... ok
test_51_staff_no_restore (test_auth.AuthenticationTests.test_51_staff_no_restore) ... ok
test_52_staff_no_users (test_auth.AuthenticationTests.test_52_staff_no_users) ... ok
test_53_staff_no_roles (test_auth.AuthenticationTests.test_53_staff_no_roles) ... ok
test_54_staff_no_security (test_auth.AuthenticationTests.test_54_staff_no_security) ... ok
test_55_staff_no_reset (test_auth.AuthenticationTests.test_55_staff_no_reset) ... ok
test_56_staff_no_deactivate (test_auth.AuthenticationTests.test_56_staff_no_deactivate) ... ok
test_57_require_allows_admin (test_auth.AuthenticationTests.test_57_require_allows_admin) ... ok
test_58_require_denies_staff (test_auth.AuthenticationTests.test_58_require_denies_staff) ... ok
test_59_create_user_admin_only (test_auth.AuthenticationTests.test_59_create_user_admin_only) ... ok
test_60_create_user_staff_denied (test_auth.AuthenticationTests.test_60_create_user_staff_denied) ... ok
test_61_create_user_invalid_role_denied (test_auth.AuthenticationTests.test_61_create_user_invalid_role_denied) ... ok
test_62_create_user_duplicate_denied (test_auth.AuthenticationTests.test_62_create_user_duplicate_denied) ... ok
test_63_change_role_to_admin (test_auth.AuthenticationTests.test_63_change_role_to_admin) ... ok
test_64_change_role_to_staff (test_auth.AuthenticationTests.test_64_change_role_to_staff) ... ok
test_65_staff_cannot_change_role (test_auth.AuthenticationTests.test_65_staff_cannot_change_role) ... ok
test_66_invalid_role_change_denied (test_auth.AuthenticationTests.test_66_invalid_role_change_denied) ... ok
test_67_deactivate_staff (test_auth.AuthenticationTests.test_67_deactivate_staff) ... ok
test_68_inactive_staff_cannot_login (test_auth.AuthenticationTests.test_68_inactive_staff_cannot_login) ... ok
test_69_staff_cannot_deactivate (test_auth.AuthenticationTests.test_69_staff_cannot_deactivate) ... ok
test_70_last_admin_cannot_deactivate (test_auth.AuthenticationTests.test_70_last_admin_cannot_deactivate) ... ok
test_71_last_admin_cannot_demote (test_auth.AuthenticationTests.test_71_last_admin_cannot_demote) ... ok
test_72_second_admin_can_be_deactivated (test_auth.AuthenticationTests.test_72_second_admin_can_be_deactivated) ... ok
test_73_last_admin_protection_after_second_removed (test_auth.AuthenticationTests.test_73_last_admin_protection_after_second_removed) ... ok
test_74_reset_password_admin (test_auth.AuthenticationTests.test_74_reset_password_admin) ... ok
test_75_reset_password_staff_denied (test_auth.AuthenticationTests.test_75_reset_password_staff_denied) ... ok
test_76_reset_short_password_rejected (test_auth.AuthenticationTests.test_76_reset_short_password_rejected) ... ok
test_77_list_users (test_auth.AuthenticationTests.test_77_list_users) ... ok
test_78_user_count (test_auth.AuthenticationTests.test_78_user_count) ... ok
test_79_active_admin_count (test_auth.AuthenticationTests.test_79_active_admin_count) ... ok
test_80_audit_user_created (test_auth.AuthenticationTests.test_80_audit_user_created) ... ok
test_81_audit_role_changed (test_auth.AuthenticationTests.test_81_audit_role_changed) ... ok
test_82_audit_deactivation (test_auth.AuthenticationTests.test_82_audit_deactivation) ... ok
test_83_audit_password_reset (test_auth.AuthenticationTests.test_83_audit_password_reset) ... ok
test_84_existing_data_preserved_after_auth (test_auth.AuthenticationTests.test_84_existing_data_preserved_after_auth) ... ok
test_01_backup_empty_database (test_backup_restore.TestBackupCreation.test_01_backup_empty_database) ... ok
test_02_backup_populated_database (test_backup_restore.TestBackupCreation.test_02_backup_populated_database) ... ok
test_03_backup_includes_all_tables (test_backup_restore.TestBackupCreation.test_03_backup_includes_all_tables) ... ok
test_04_schema_preserved (test_backup_restore.TestBackupCreation.test_04_schema_preserved) ... ok
test_05_indexes_preserved (test_backup_restore.TestBackupCreation.test_05_indexes_preserved) ... ok
test_06_constraints_preserved (test_backup_restore.TestBackupCreation.test_06_constraints_preserved) ... ok
test_07_foreign_keys_preserved (test_backup_restore.TestBackupCreation.test_07_foreign_keys_preserved) ... ok
test_08_purchase_data_preserved (test_backup_restore.TestBackupCreation.test_08_purchase_data_preserved) ... ok
test_09_sales_data_preserved (test_backup_restore.TestBackupCreation.test_09_sales_data_preserved) ... ok
test_10_stock_batches_preserved (test_backup_restore.TestBackupCreation.test_10_stock_batches_preserved) ... ok
test_11_customer_supplier_preserved (test_backup_restore.TestBackupCreation.test_11_customer_supplier_preserved) ... ok
test_12_ledger_accounting_preserved (test_backup_restore.TestBackupCreation.test_12_ledger_accounting_preserved) ... ok
test_13_journal_preserved (test_backup_restore.TestBackupCreation.test_13_journal_preserved) ... ok
test_14_gst_purchase_fields_preserved (test_backup_restore.TestBackupCreation.test_14_gst_purchase_fields_preserved) ... ok
test_14b_gst_varied_rates_preserved (test_backup_restore.TestBackupCreation.test_14b_gst_varied_rates_preserved) ... ok
test_43_page_opens (test_backup_restore.TestBackupRestoreUI.test_43_page_opens) ... ok
test_44_page_shows_database_info (test_backup_restore.TestBackupRestoreUI.test_44_page_shows_database_info) ... ok
test_45_page_has_action_buttons (test_backup_restore.TestBackupRestoreUI.test_45_page_has_action_buttons) ... ok
test_38_get_database_info (test_backup_restore.TestInfoAndSafety.test_38_get_database_info) ... ok
test_39_folder_destination_timestamped_name (test_backup_restore.TestInfoAndSafety.test_39_folder_destination_timestamped_name) ... ok
test_40_last_backup_info_recorded (test_backup_restore.TestInfoAndSafety.test_40_last_backup_info_recorded) ... ok
test_41_real_database_not_touched (test_backup_restore.TestInfoAndSafety.test_41_real_database_not_touched) ... ok
test_42_regression_crud_after_backup_ops (test_backup_restore.TestInfoAndSafety.test_42_regression_crud_after_backup_ops) ... ok
test_25_restore_success (test_backup_restore.TestRestore.test_25_restore_success) ... ok
test_26_restore_replaces_changed_data (test_backup_restore.TestRestore.test_26_restore_replaces_changed_data) ... ok
test_27_restore_preserves_all_modules (test_backup_restore.TestRestore.test_27_restore_preserves_all_modules) ... ok
test_28_pre_restore_safety_backup_created (test_backup_restore.TestRestore.test_28_pre_restore_safety_backup_created) ... ok
test_29_restore_refuses_invalid_backup (test_backup_restore.TestRestore.test_29_restore_refuses_invalid_backup) ... ok
test_30_restore_refuses_missing_backup (test_backup_restore.TestRestore.test_30_restore_refuses_missing_backup) ... ok
test_31_failed_restore_recovers_original (test_backup_restore.TestRestore.test_31_failed_restore_recovers_original) ... ok
test_32_failed_restore_no_data_loss (test_backup_restore.TestRestore.test_32_failed_restore_no_data_loss) ... ok
test_33_source_backup_unchanged_after_restore (test_backup_restore.TestRestore.test_33_source_backup_unchanged_after_restore) ... ok
test_34_repeated_backups (test_backup_restore.TestRestore.test_34_repeated_backups) ... ok
test_35_repeated_restore (test_backup_restore.TestRestore.test_35_repeated_restore) ... ok
test_36_read_write_isolation (test_backup_restore.TestRestore.test_36_read_write_isolation) ... ok
test_37_persistence_after_reopen (test_backup_restore.TestRestore.test_37_persistence_after_reopen) ... ok
test_15_validate_valid_backup (test_backup_restore.TestValidation.test_15_validate_valid_backup) ... ok
test_16_validate_invalid_sqlite_file (test_backup_restore.TestValidation.test_16_validate_invalid_sqlite_file) ... ok
test_17_validate_nonexistent_backup (test_backup_restore.TestValidation.test_17_validate_nonexistent_backup) ... ok
test_18_validate_empty_file (test_backup_restore.TestValidation.test_18_validate_empty_file) ... ok
test_19_validate_corrupted_backup (test_backup_restore.TestValidation.test_19_validate_corrupted_backup) ... ok
test_20_validate_missing_tables (test_backup_restore.TestValidation.test_20_validate_missing_tables) ... ok
test_21_validation_does_not_modify_backup (test_backup_restore.TestValidation.test_21_validation_does_not_modify_backup) ... ok
test_22_checksum_consistent (test_backup_restore.TestValidation.test_22_checksum_consistent) ... ok
test_23_checksum_changes_for_changed_file (test_backup_restore.TestValidation.test_23_checksum_changes_for_changed_file) ... ok
test_24_verify_checksum_helper (test_backup_restore.TestValidation.test_24_verify_checksum_helper) ... ok
test_15_as_of_date_includes_earlier (test_balance_sheet.TestAsOfDateFiltering.test_15_as_of_date_includes_earlier) ... ok
test_16_as_of_date_excludes_future (test_balance_sheet.TestAsOfDateFiltering.test_16_as_of_date_excludes_future) ... ok
test_02_cash_under_assets (test_balance_sheet.TestAssetClassification.test_02_cash_under_assets) ... ok
test_03_bank_under_assets (test_balance_sheet.TestAssetClassification.test_03_bank_under_assets) ... ok
test_29_difference_calculation (test_balance_sheet.TestBalanceCalculation.test_29_difference_calculation) ... ok
test_30_balanced_dataset (test_balance_sheet.TestBalanceCalculation.test_30_balanced_dataset) ... ok
test_31_intentionally_unbalanced (test_balance_sheet.TestBalanceCalculation.test_31_intentionally_unbalanced) ... ok
test_36_page_opens (test_balance_sheet.TestBalanceSheetUI.test_36_page_opens) ... ok
test_37_generate_works (test_balance_sheet.TestBalanceSheetUI.test_37_generate_works) ... ok
test_38_date_filter_works (test_balance_sheet.TestBalanceSheetUI.test_38_date_filter_works) ... ok
test_39_refresh_works (test_balance_sheet.TestBalanceSheetUI.test_39_refresh_works) ... ok
test_32_trial_balance_consistency (test_balance_sheet.TestConsistency.test_32_trial_balance_consistency) ... ok
test_33_account_ledger_consistency (test_balance_sheet.TestConsistency.test_33_account_ledger_consistency) ... ok
test_34_pl_consistency (test_balance_sheet.TestConsistency.test_34_pl_consistency) ... ok
test_01_empty_balance_sheet (test_balance_sheet.TestEmptyBalanceSheet.test_01_empty_balance_sheet) ... ok
test_07_income_ledgers_not_on_balance_sheet (test_balance_sheet.TestIncomeExpenseExclusion.test_07_income_ledgers_not_on_balance_sheet) ... ok
test_08_expense_ledgers_not_on_balance_sheet (test_balance_sheet.TestIncomeExpenseExclusion.test_08_expense_ledgers_not_on_balance_sheet) ... ok
test_24_multiple_asset_groups (test_balance_sheet.TestMultipleGroups.test_24_multiple_asset_groups) ... ok
test_25_multiple_liability_groups (test_balance_sheet.TestMultipleGroups.test_25_multiple_liability_groups) ... ok
test_26_multiple_equity_groups (test_balance_sheet.TestMultipleGroups.test_26_multiple_equity_groups) ... ok
test_13_opening_debit_asset (test_balance_sheet.TestOpeningBalanceHandling.test_13_opening_debit_asset) ... ok
test_14_opening_credit_liability (test_balance_sheet.TestOpeningBalanceHandling.test_14_opening_credit_liability) ... ok
test_27_current_pl_treatment (test_balance_sheet.TestPLTreatment.test_27_current_pl_treatment) ... ok
test_28_no_artificial_balancing (test_balance_sheet.TestPLTreatment.test_28_no_artificial_balancing) ... ok
test_04_customer_under_current_assets (test_balance_sheet.TestPartyClassification.test_04_customer_under_current_assets) ... ok
test_05_supplier_under_current_liabilities (test_balance_sheet.TestPartyClassification.test_05_supplier_under_current_liabilities) ... ok
test_06_capital_under_equity (test_balance_sheet.TestPartyClassification.test_06_capital_under_equity) ... ok
test_20_customer_ledger_classification (test_balance_sheet.TestPartyLedgerClassification.test_20_customer_ledger_classification) ... ok
test_21_supplier_ledger_classification (test_balance_sheet.TestPartyLedgerClassification.test_21_supplier_ledger_classification) ... ok
test_35_persistence (test_balance_sheet.TestPersistence.test_35_persistence) ... ok
test_40_customer_receipt_still_works (test_balance_sheet.TestRegression.test_40_customer_receipt_still_works) ... ok
test_41_supplier_payment_still_works (test_balance_sheet.TestRegression.test_41_supplier_payment_still_works) ... ok
test_42_counter_sale_still_works (test_balance_sheet.TestRegression.test_42_counter_sale_still_works) ... ok
test_43_purchase_invoice_still_works (test_balance_sheet.TestRegression.test_43_purchase_invoice_still_works) ... ok
test_44_credit_note_still_works (test_balance_sheet.TestRegression.test_44_credit_note_still_works) ... ok
test_45_debit_note_still_works (test_balance_sheet.TestRegression.test_45_debit_note_still_works) ... ok
test_46_journal_entry_still_works (test_balance_sheet.TestRegression.test_46_journal_entry_still_works) ... ok
test_47_trial_balance_still_works (test_balance_sheet.TestRegression.test_47_trial_balance_still_works) ... ok
test_48_profit_loss_still_works (test_balance_sheet.TestRegression.test_48_profit_loss_still_works) ... ok
test_49_stock_master_still_works (test_balance_sheet.TestRegression.test_49_stock_master_still_works) ... ok
test_50_all_master_screens_work (test_balance_sheet.TestRegression.test_50_all_master_screens_work) ... ok
test_17_reversed_posting_no_effect (test_balance_sheet.TestReversalHandling.test_17_reversed_posting_no_effect) ... ok
test_18_edited_transaction_reflects_current (test_balance_sheet.TestReversalHandling.test_18_edited_transaction_reflects_current) ... ok
test_19_deleted_transaction_no_effect (test_balance_sheet.TestReversalHandling.test_19_deleted_transaction_no_effect) ... ok
test_09_sales_classification (test_balance_sheet.TestSystemRoleClassification.test_09_sales_classification) ... ok
test_10_purchase_classification (test_balance_sheet.TestSystemRoleClassification.test_10_purchase_classification) ... ok
test_11_sales_return_classification (test_balance_sheet.TestSystemRoleClassification.test_11_sales_return_classification) ... ok
test_12_purchase_return_classification (test_balance_sheet.TestSystemRoleClassification.test_12_purchase_return_classification) ... ok
test_22_unclassified_ledger_detected (test_balance_sheet.TestUnclassifiedAccounts.test_22_unclassified_ledger_detected) ... ok
test_23_unclassified_not_in_statement_sections (test_balance_sheet.TestUnclassifiedAccounts.test_23_unclassified_not_in_statement_sections) ... ok
test_01_empty (test_bank_book.BankBookTests.test_01_empty) ... ok
test_02_bank_found_by_role (test_bank_book.BankBookTests.test_02_bank_found_by_role) ... ok
test_03_no_bank_ledger (test_bank_book.BankBookTests.test_03_no_bank_ledger) ... ok
test_04_opening_balance (test_bank_book.BankBookTests.test_04_opening_balance) ... ok
test_05_prior_debit_opening (test_bank_book.BankBookTests.test_05_prior_debit_opening) ... ok
test_06_prior_credit_opening (test_bank_book.BankBookTests.test_06_prior_credit_opening) ... ok
test_07_first_day (test_bank_book.BankBookTests.test_07_first_day) ... ok
test_08_last_day (test_bank_book.BankBookTests.test_08_last_day) ... ok
test_09_before_excluded_rows (test_bank_book.BankBookTests.test_09_before_excluded_rows) ... ok
test_10_after_excluded_rows (test_bank_book.BankBookTests.test_10_after_excluded_rows) ... ok
test_11_debit_total (test_bank_book.BankBookTests.test_11_debit_total) ... ok
test_12_credit_total (test_bank_book.BankBookTests.test_12_credit_total) ... ok
test_13_net (test_bank_book.BankBookTests.test_13_net) ... ok
test_14_closing (test_bank_book.BankBookTests.test_14_closing) ... ok
test_15_running (test_bank_book.BankBookTests.test_15_running) ... ok
test_16_multiple (test_bank_book.BankBookTests.test_16_multiple) ... ok
test_17_same_day_order (test_bank_book.BankBookTests.test_17_same_day_order) ... ok
test_18_cash_excluded (test_bank_book.BankBookTests.test_18_cash_excluded) ... ok
test_19_other_excluded (test_bank_book.BankBookTests.test_19_other_excluded) ... ok
test_20_reference (test_bank_book.BankBookTests.test_20_reference) ... ok
test_21_reference_type (test_bank_book.BankBookTests.test_21_reference_type) ... ok
test_22_particulars (test_bank_book.BankBookTests.test_22_particulars) ... ok
test_23_transaction_id (test_bank_book.BankBookTests.test_23_transaction_id) ... ok
test_24_invalid_from (test_bank_book.BankBookTests.test_24_invalid_from) ... ok
test_25_invalid_to (test_bank_book.BankBookTests.test_25_invalid_to) ... ok
test_26_reversed_range (test_bank_book.BankBookTests.test_26_reversed_range) ... ok
test_27_historical_range (test_bank_book.BankBookTests.test_27_historical_range) ... ok
test_28_filter_options (test_bank_book.BankBookTests.test_28_filter_options) ... ok
test_29_summary_accessor (test_bank_book.BankBookTests.test_29_summary_accessor) ... ok
test_30_closing_accessor (test_bank_book.BankBookTests.test_30_closing_accessor) ... ok
test_31_credit_opening (test_bank_book.BankBookTests.test_31_credit_opening) ... ok
test_32_credit_opening_plus_debit (test_bank_book.BankBookTests.test_32_credit_opening_plus_debit) ... ok
test_33_read_only (test_bank_book.BankBookTests.test_33_read_only) ... ok
test_34_repeated_unchanged (test_bank_book.BankBookTests.test_34_repeated_unchanged) ... ok
test_35_no_posting_on_view (test_bank_book.BankBookTests.test_35_no_posting_on_view) ... ok
test_36_unrelated_ledger_unchanged (test_bank_book.BankBookTests.test_36_unrelated_ledger_unchanged) ... ok
test_37_boundary_opening_excludes_same_day (test_bank_book.BankBookTests.test_37_boundary_opening_excludes_same_day) ... ok
test_38_date_order (test_bank_book.BankBookTests.test_38_date_order) ... ok
test_39_role_identification_after_rename (test_bank_book.BankBookTests.test_39_role_identification_after_rename) ... ok
test_40_net_formula (test_bank_book.BankBookTests.test_40_net_formula) ... ok
test_41_closing_formula (test_bank_book.BankBookTests.test_41_closing_formula) ... ok
test_42_reference_id (test_bank_book.BankBookTests.test_42_reference_id) ... ok
test_43_time (test_bank_book.BankBookTests.test_43_time) ... ok
test_44_ledger_id (test_bank_book.BankBookTests.test_44_ledger_id) ... ok
test_45_no_arbitrary_sql (test_bank_book.BankBookTests.test_45_no_arbitrary_sql) ... ok
test_46_production_not_targeted (test_bank_book.BankBookTests.test_46_production_not_targeted) ... ok
test_47_no_mysql_reference (test_bank_book.BankBookTests.test_47_no_mysql_reference) ... ok
test_48_pdf_contains_bank_row (test_bank_book.BankBookTests.test_48_pdf_contains_bank_row) ... ok
test_49_empty_message_condition (test_bank_book.BankBookTests.test_49_empty_message_condition) ... ok
test_50_bank_summary_uses_only_bank (test_bank_book.BankBookTests.test_50_bank_summary_uses_only_bank) ... ok
test_51_bank_book_does_not_change_cash_book (test_bank_book.BankBookTests.test_51_bank_book_does_not_change_cash_book) ... ok
test_01_empty_cash_book (test_cash_book.CashBookTests.test_01_empty_cash_book) ... ok
test_02_cash_ledger_found_by_role (test_cash_book.CashBookTests.test_02_cash_ledger_found_by_role) ... ok
test_03_no_cash_ledger (test_cash_book.CashBookTests.test_03_no_cash_ledger) ... ok
test_04_opening_ledger_balance (test_cash_book.CashBookTests.test_04_opening_ledger_balance) ... ok
test_05_opening_prior_debit (test_cash_book.CashBookTests.test_05_opening_prior_debit) ... ok
test_06_opening_prior_credit (test_cash_book.CashBookTests.test_06_opening_prior_credit) ... ok
test_07_first_day_included (test_cash_book.CashBookTests.test_07_first_day_included) ... ok
test_08_prior_day_excluded_rows (test_cash_book.CashBookTests.test_08_prior_day_excluded_rows) ... ok
test_09_last_day_included (test_cash_book.CashBookTests.test_09_last_day_included) ... ok
test_10_after_day_excluded (test_cash_book.CashBookTests.test_10_after_day_excluded) ... ok
test_11_debit_total (test_cash_book.CashBookTests.test_11_debit_total) ... ok
test_12_credit_total (test_cash_book.CashBookTests.test_12_credit_total) ... ok
test_13_net_movement (test_cash_book.CashBookTests.test_13_net_movement) ... ok
test_14_closing_balance (test_cash_book.CashBookTests.test_14_closing_balance) ... ok
test_15_running_balance (test_cash_book.CashBookTests.test_15_running_balance) ... ok
test_16_multiple_transactions (test_cash_book.CashBookTests.test_16_multiple_transactions) ... ok
test_17_same_day_order (test_cash_book.CashBookTests.test_17_same_day_order) ... ok
test_18_bank_excluded (test_cash_book.CashBookTests.test_18_bank_excluded) ... ok
test_19_other_ledger_excluded (test_cash_book.CashBookTests.test_19_other_ledger_excluded) ... ok
test_20_bank_role_not_cash (test_cash_book.CashBookTests.test_20_bank_role_not_cash) ... ok
test_21_reference_number (test_cash_book.CashBookTests.test_21_reference_number) ... ok
test_22_reference_type (test_cash_book.CashBookTests.test_22_reference_type) ... ok
test_23_particulars (test_cash_book.CashBookTests.test_23_particulars) ... ok
test_24_transaction_id (test_cash_book.CashBookTests.test_24_transaction_id) ... ok
test_25_invalid_from_date (test_cash_book.CashBookTests.test_25_invalid_from_date) ... ok
test_26_invalid_to_date (test_cash_book.CashBookTests.test_26_invalid_to_date) ... ok
test_27_reversed_range (test_cash_book.CashBookTests.test_27_reversed_range) ... ok
test_28_manual_historical_range (test_cash_book.CashBookTests.test_28_manual_historical_range) ... ok
test_29_active_fy_filter_options (test_cash_book.CashBookTests.test_29_active_fy_filter_options) ... ok
test_30_summary_accessor (test_cash_book.CashBookTests.test_30_summary_accessor) ... ok
test_31_closing_accessor (test_cash_book.CashBookTests.test_31_closing_accessor) ... ok
test_32_credit_opening_balance (test_cash_book.CashBookTests.test_32_credit_opening_balance) ... ok
test_33_credit_opening_plus_debit (test_cash_book.CashBookTests.test_33_credit_opening_plus_debit) ... ok
test_34_rows_are_read_only (test_cash_book.CashBookTests.test_34_rows_are_read_only) ... ok
test_35_repeated_report_unchanged (test_cash_book.CashBookTests.test_35_repeated_report_unchanged) ... ok
test_36_no_posting_on_view (test_cash_book.CashBookTests.test_36_no_posting_on_view) ... ok
test_37_unrelated_ledger_unchanged (test_cash_book.CashBookTests.test_37_unrelated_ledger_unchanged) ... ok
test_38_empty_summary (test_cash_book.CashBookTests.test_38_empty_summary) ... ok
test_39_opening_before_period (test_cash_book.CashBookTests.test_39_opening_before_period) ... ok
test_40_boundary_opening_excludes_same_day (test_cash_book.CashBookTests.test_40_boundary_opening_excludes_same_day) ... ok
test_41_date_order (test_cash_book.CashBookTests.test_41_date_order) ... ok
test_42_no_arbitrary_sql_api (test_cash_book.CashBookTests.test_42_no_arbitrary_sql_api) ... ok
test_43_cash_ledger_by_system_role (test_cash_book.CashBookTests.test_43_cash_ledger_by_system_role) ... ok
test_44_summary_net_formula (test_cash_book.CashBookTests.test_44_summary_net_formula) ... ok
test_45_closing_formula (test_cash_book.CashBookTests.test_45_closing_formula) ... ok
test_46_reference_id_preserved (test_cash_book.CashBookTests.test_46_reference_id_preserved) ... ok
test_47_time_preserved (test_cash_book.CashBookTests.test_47_time_preserved) ... ok
test_48_transaction_ledger_id_preserved (test_cash_book.CashBookTests.test_48_transaction_ledger_id_preserved) ... ok
test_49_production_path_not_used (test_cash_book.CashBookTests.test_49_production_path_not_used) ... ok
test_50_no_mysql_reference (test_cash_book.CashBookTests.test_50_no_mysql_reference) ... ok
test_51_pdf_contains_cash_book_rows (test_cash_book.CashBookTests.test_51_pdf_contains_cash_book_rows) ... ok
test_01_categories_table_created (test_category_master.CategoryMasterTests.test_01_categories_table_created) ... ok
test_02_categories_schema_columns (test_category_master.CategoryMasterTests.test_02_categories_schema_columns) ... ok
test_03_items_category_id_migrated (test_category_master.CategoryMasterTests.test_03_items_category_id_migrated) ... ok
test_04_initialization_is_idempotent (test_category_master.CategoryMasterTests.test_04_initialization_is_idempotent) ... ok
test_05_category_fk_rejects_unknown_id (test_category_master.CategoryMasterTests.test_05_category_fk_rejects_unknown_id) ... ok
test_06_category_delete_sets_item_category_null (test_category_master.CategoryMasterTests.test_06_category_delete_sets_item_category_null) ... ok
test_07_existing_null_category_item_is_readable (test_category_master.CategoryMasterTests.test_07_existing_null_category_item_is_readable) ... ok
test_08_category_migration_preserves_item_fields (test_category_master.CategoryMasterTests.test_08_category_migration_preserves_item_fields) ... ok
test_09_create_category (test_category_master.CategoryMasterTests.test_09_create_category) ... ok
test_10_create_description (test_category_master.CategoryMasterTests.test_10_create_description) ... ok
test_11_create_inactive (test_category_master.CategoryMasterTests.test_11_create_inactive) ... ok
test_12_blank_name_rejected (test_category_master.CategoryMasterTests.test_12_blank_name_rejected) ... ok
test_13_name_whitespace_normalised (test_category_master.CategoryMasterTests.test_13_name_whitespace_normalised) ... ok
test_14_duplicate_case_rejected (test_category_master.CategoryMasterTests.test_14_duplicate_case_rejected) ... ok
test_15_duplicate_whitespace_rejected (test_category_master.CategoryMasterTests.test_15_duplicate_whitespace_rejected) ... ok
test_16_category_exists_normalised (test_category_master.CategoryMasterTests.test_16_category_exists_normalised) ... ok
test_17_update_category (test_category_master.CategoryMasterTests.test_17_update_category) ... ok
test_18_update_duplicate_rejected (test_category_master.CategoryMasterTests.test_18_update_duplicate_rejected) ... ok
test_19_update_missing_rejected (test_category_master.CategoryMasterTests.test_19_update_missing_rejected) ... ok
test_20_search_name (test_category_master.CategoryMasterTests.test_20_search_name) ... ok
test_21_search_description (test_category_master.CategoryMasterTests.test_21_search_description) ... ok
test_22_active_listing_excludes_inactive (test_category_master.CategoryMasterTests.test_22_active_listing_excludes_inactive) ... ok
test_23_deactivate_category (test_category_master.CategoryMasterTests.test_23_deactivate_category) ... ok
test_24_activate_category (test_category_master.CategoryMasterTests.test_24_activate_category) ... ok
test_25_toggle_missing_rejected (test_category_master.CategoryMasterTests.test_25_toggle_missing_rejected) ... ok
test_26_timestamps_present (test_category_master.CategoryMasterTests.test_26_timestamps_present) ... ok
test_27_item_category_assignment (test_category_master.CategoryMasterTests.test_27_item_category_assignment) ... ok
test_28_item_category_lookup (test_category_master.CategoryMasterTests.test_28_item_category_lookup) ... ok
test_29_item_category_update (test_category_master.CategoryMasterTests.test_29_item_category_update) ... ok
test_30_blank_category_remains_valid (test_category_master.CategoryMasterTests.test_30_blank_category_remains_valid) ... ok
test_31_new_item_cannot_use_inactive_category (test_category_master.CategoryMasterTests.test_31_new_item_cannot_use_inactive_category) ... ok
test_32_existing_item_can_retain_inactive_category (test_category_master.CategoryMasterTests.test_32_existing_item_can_retain_inactive_category) ... ok
test_33_existing_item_cannot_switch_to_other_inactive_category (test_category_master.CategoryMasterTests.test_33_existing_item_cannot_switch_to_other_inactive_category) ... ok
test_34_item_search_by_category (test_category_master.CategoryMasterTests.test_34_item_search_by_category) ... ok
test_35_item_search_without_category_still_works (test_category_master.CategoryMasterTests.test_35_item_search_without_category_still_works) ... ok
test_36_deactivation_preserves_item_reference (test_category_master.CategoryMasterTests.test_36_deactivation_preserves_item_reference) ... ok
test_37_stock_preserved_by_category_change (test_category_master.CategoryMasterTests.test_37_stock_preserved_by_category_change) ... ok
test_38_sales_preserved_by_category_change (test_category_master.CategoryMasterTests.test_38_sales_preserved_by_category_change) ... ok
test_39_purchase_preserved_by_category_change (test_category_master.CategoryMasterTests.test_39_purchase_preserved_by_category_change) ... ok
test_40_ledger_preserved_by_category_change (test_category_master.CategoryMasterTests.test_40_ledger_preserved_by_category_change) ... ok
test_41_item_import_with_category (test_category_master.CategoryMasterTests.test_41_item_import_with_category) ... ok
test_42_item_import_without_category (test_category_master.CategoryMasterTests.test_42_item_import_without_category) ... ok
test_43_import_invalid_category_rejected (test_category_master.CategoryMasterTests.test_43_import_invalid_category_rejected) ... ok
test_44_import_inactive_category_rejected (test_category_master.CategoryMasterTests.test_44_import_inactive_category_rejected) ... ok
test_45_import_update_without_category_preserves_assignment (test_category_master.CategoryMasterTests.test_45_import_update_without_category_preserves_assignment) ... ok
test_46_admin_has_category_management (test_category_master.CategoryMasterTests.test_46_admin_has_category_management) ... ok
test_47_staff_cannot_manage_categories (test_category_master.CategoryMasterTests.test_47_staff_cannot_manage_categories) ... ok
test_48_staff_can_view_masters_and_select_categories (test_category_master.CategoryMasterTests.test_48_staff_can_view_masters_and_select_categories) ... ok
test_49_category_menu_mapping_exists_once (test_category_master.CategoryMasterTests.test_49_category_menu_mapping_exists_once) ... ok
test_50_category_page_export_and_mapping (test_category_master.CategoryMasterTests.test_50_category_page_export_and_mapping) ... ok
test_51_posting_engine_not_modified_by_feature (test_category_master.CategoryMasterTests.test_51_posting_engine_not_modified_by_feature) ... ok
test_52_persistence_after_reopen (test_category_master.CategoryMasterTests.test_52_persistence_after_reopen) ... ok
test_53_gui_page_imports_when_pyside_is_available (test_category_master.CategoryMasterTests.test_53_gui_page_imports_when_pyside_is_available) ... ok
test_01_draft_availability (test_counter_sale_draft_stock.TestCounterSaleDraftStock.test_01_draft_availability) ... ok
test_02_draft_availability (test_counter_sale_draft_stock.TestCounterSaleDraftStock.test_02_draft_availability) ... ok
test_03_draft_availability (test_counter_sale_draft_stock.TestCounterSaleDraftStock.test_03_draft_availability) ... ok
test_04_draft_availability (test_counter_sale_draft_stock.TestCounterSaleDraftStock.test_04_draft_availability) ... ok
test_05_draft_availability (test_counter_sale_draft_stock.TestCounterSaleDraftStock.test_05_draft_availability) ... ok
test_06_draft_availability (test_counter_sale_draft_stock.TestCounterSaleDraftStock.test_06_draft_availability) ... ok
test_07_draft_availability (test_counter_sale_draft_stock.TestCounterSaleDraftStock.test_07_draft_availability) ... ok
test_08_draft_availability (test_counter_sale_draft_stock.TestCounterSaleDraftStock.test_08_draft_availability) ... ok
test_09_draft_availability (test_counter_sale_draft_stock.TestCounterSaleDraftStock.test_09_draft_availability) ... ok
test_10_draft_availability (test_counter_sale_draft_stock.TestCounterSaleDraftStock.test_10_draft_availability) ... ok
test_11_draft_availability (test_counter_sale_draft_stock.TestCounterSaleDraftStock.test_11_draft_availability) ... ok
test_12_draft_availability (test_counter_sale_draft_stock.TestCounterSaleDraftStock.test_12_draft_availability) ... ok
test_13_draft_availability (test_counter_sale_draft_stock.TestCounterSaleDraftStock.test_13_draft_availability) ... ok
test_14_draft_availability (test_counter_sale_draft_stock.TestCounterSaleDraftStock.test_14_draft_availability) ... ok
test_15_draft_availability (test_counter_sale_draft_stock.TestCounterSaleDraftStock.test_15_draft_availability) ... ok
test_16_draft_availability (test_counter_sale_draft_stock.TestCounterSaleDraftStock.test_16_draft_availability) ... ok
test_17_draft_availability (test_counter_sale_draft_stock.TestCounterSaleDraftStock.test_17_draft_availability) ... ok
test_18_draft_availability (test_counter_sale_draft_stock.TestCounterSaleDraftStock.test_18_draft_availability) ... ok
test_19_draft_availability (test_counter_sale_draft_stock.TestCounterSaleDraftStock.test_19_draft_availability) ... ok
test_20_draft_availability (test_counter_sale_draft_stock.TestCounterSaleDraftStock.test_20_draft_availability) ... ok
test_21_draft_availability (test_counter_sale_draft_stock.TestCounterSaleDraftStock.test_21_draft_availability) ... ok
test_22_draft_availability (test_counter_sale_draft_stock.TestCounterSaleDraftStock.test_22_draft_availability) ... ok
test_23_draft_availability (test_counter_sale_draft_stock.TestCounterSaleDraftStock.test_23_draft_availability) ... ok
test_24_draft_availability (test_counter_sale_draft_stock.TestCounterSaleDraftStock.test_24_draft_availability) ... ok
test_25_draft_availability (test_counter_sale_draft_stock.TestCounterSaleDraftStock.test_25_draft_availability) ... ok
test_26_draft_availability (test_counter_sale_draft_stock.TestCounterSaleDraftStock.test_26_draft_availability) ... ok
test_27_draft_availability (test_counter_sale_draft_stock.TestCounterSaleDraftStock.test_27_draft_availability) ... ok
test_28_draft_availability (test_counter_sale_draft_stock.TestCounterSaleDraftStock.test_28_draft_availability) ... ok
test_29_draft_availability (test_counter_sale_draft_stock.TestCounterSaleDraftStock.test_29_draft_availability) ... ok
test_30_draft_availability (test_counter_sale_draft_stock.TestCounterSaleDraftStock.test_30_draft_availability) ... ok
test_31_draft_availability (test_counter_sale_draft_stock.TestCounterSaleDraftStock.test_31_draft_availability) ... ok
test_32_draft_availability (test_counter_sale_draft_stock.TestCounterSaleDraftStock.test_32_draft_availability) ... ok
test_33_draft_availability (test_counter_sale_draft_stock.TestCounterSaleDraftStock.test_33_draft_availability) ... ok
test_34_draft_availability (test_counter_sale_draft_stock.TestCounterSaleDraftStock.test_34_draft_availability) ... ok
test_35_draft_availability (test_counter_sale_draft_stock.TestCounterSaleDraftStock.test_35_draft_availability) ... ok
test_36_draft_availability (test_counter_sale_draft_stock.TestCounterSaleDraftStock.test_36_draft_availability) ... ok
test_37_draft_availability (test_counter_sale_draft_stock.TestCounterSaleDraftStock.test_37_draft_availability) ... ok
test_38_draft_availability (test_counter_sale_draft_stock.TestCounterSaleDraftStock.test_38_draft_availability) ... ok
test_39_draft_availability (test_counter_sale_draft_stock.TestCounterSaleDraftStock.test_39_draft_availability) ... ok
test_40_draft_availability (test_counter_sale_draft_stock.TestCounterSaleDraftStock.test_40_draft_availability) ... ok
test_41_draft_availability (test_counter_sale_draft_stock.TestCounterSaleDraftStock.test_41_draft_availability) ... ok
test_42_draft_availability (test_counter_sale_draft_stock.TestCounterSaleDraftStock.test_42_draft_availability) ... ok
test_43_draft_availability (test_counter_sale_draft_stock.TestCounterSaleDraftStock.test_43_draft_availability) ... ok
test_44_draft_availability (test_counter_sale_draft_stock.TestCounterSaleDraftStock.test_44_draft_availability) ... ok
test_45_draft_availability (test_counter_sale_draft_stock.TestCounterSaleDraftStock.test_45_draft_availability) ... ok
test_46_draft_availability (test_counter_sale_draft_stock.TestCounterSaleDraftStock.test_46_draft_availability) ... ok
test_47_draft_availability (test_counter_sale_draft_stock.TestCounterSaleDraftStock.test_47_draft_availability) ... ok
test_48_draft_availability (test_counter_sale_draft_stock.TestCounterSaleDraftStock.test_48_draft_availability) ... ok
test_reservation_never_changes_stored_input (test_counter_sale_draft_stock.TestCounterSaleDraftStock.test_reservation_never_changes_stored_input) ... ok
test_28_add_button_exists (test_counter_sale_input.TestAddWorkflow.test_28_add_button_exists) ... ok
test_29_no_selection_warning (test_counter_sale_input.TestAddWorkflow.test_29_no_selection_warning) ... ok
test_30_add_creates_row (test_counter_sale_input.TestAddWorkflow.test_30_add_creates_row) ... ok
test_31_correct_amount (test_counter_sale_input.TestAddWorkflow.test_31_correct_amount) ... ok
test_41_panel_has_entry_bar (test_counter_sale_input.TestArchitecture.test_41_panel_has_entry_bar) ... ok
test_42_load_items_called (test_counter_sale_input.TestArchitecture.test_42_load_items_called) ... ok
test_43_dialog_wraps_panel (test_counter_sale_input.TestArchitecture.test_43_dialog_wraps_panel) ... ok
test_25_mrp (test_counter_sale_input.TestBatchDetails.test_25_mrp) ... ok
test_26_expiry (test_counter_sale_input.TestBatchDetails.test_26_expiry) ... ok
test_27_stock (test_counter_sale_input.TestBatchDetails.test_27_stock) ... ok
test_04_creation (test_counter_sale_input.TestBillItemRow.test_04_creation) ... ok
test_05_to_dict (test_counter_sale_input.TestBillItemRow.test_05_to_dict) ... ok
test_32_total_updates (test_counter_sale_input.TestBillTotals.test_32_total_updates) ... ok
test_33_discount_reduces_net (test_counter_sale_input.TestBillTotals.test_33_discount_reduces_net) ... ok
test_51_clear_resets (test_counter_sale_input.TestClearReset.test_51_clear_resets) ... ok
test_52_reset_clears_rows (test_counter_sale_input.TestClearReset.test_52_reset_clears_rows) ... ok
test_34_customer_combo (test_counter_sale_input.TestCustomerDoctor.test_34_customer_combo) ... ok
test_35_doctor_combo (test_counter_sale_input.TestCustomerDoctor.test_35_doctor_combo) ... ok
test_49_zero_qty (test_counter_sale_input.TestEdgeCases.test_49_zero_qty) ... ok
test_50_discount_exceeds_gross (test_counter_sale_input.TestEdgeCases.test_50_discount_exceeds_gross) ... ok
test_53_load_invoice (test_counter_sale_input.TestEditInvoice.test_53_load_invoice) ... ok
test_46_full_flow (test_counter_sale_input.TestEndToEndFlow.test_46_full_flow) ... ok
test_47_same_item_batch_merges (test_counter_sale_input.TestEndToEndFlow.test_47_same_item_batch_merges) ... ok
test_48_add_then_delete (test_counter_sale_input.TestEndToEndFlow.test_48_add_then_delete) ... ok
test_01_safe_float_valid (test_counter_sale_input.TestHelpers.test_01_safe_float_valid) ... ok
test_02_safe_float_empty (test_counter_sale_input.TestHelpers.test_02_safe_float_empty) ... ok
test_03_round2 (test_counter_sale_input.TestHelpers.test_03_round2) ... ok
test_54_hold_works (test_counter_sale_input.TestHoldResume.test_54_hold_works) ... ok
test_55_resume_loads (test_counter_sale_input.TestHoldResume.test_55_resume_loads) ... ok
test_40_hold_needs_items (test_counter_sale_input.TestHoldValidation.test_40_hold_needs_items) ... ok
test_17_combo_populated (test_counter_sale_input.TestItemEntryBarLoadItems.test_17_combo_populated) ... ok
test_18_placeholder_first (test_counter_sale_input.TestItemEntryBarLoadItems.test_18_placeholder_first) ... ok
test_19_combo_has_test_item (test_counter_sale_input.TestItemEntryBarLoadItems.test_19_combo_has_test_item) ... ok
test_20_load_blocks_signals (test_counter_sale_input.TestItemEntryBarLoadItems.test_20_load_blocks_signals) ... ok
test_21_set_cno (test_counter_sale_input.TestItemEntryBarLoadItems.test_21_set_cno) ... ok
test_22_batches_populated (test_counter_sale_input.TestItemSelectionBatches.test_22_batches_populated) ... ok
test_23_batch_placeholder (test_counter_sale_input.TestItemSelectionBatches.test_23_batch_placeholder) ... ok
test_24_placeholder_clears (test_counter_sale_input.TestItemSelectionBatches.test_24_placeholder_clears) ... ok
test_36_clears_table (test_counter_sale_input.TestNewSaleReset.test_36_clears_table) ... ok
test_37_focuses_item (test_counter_sale_input.TestNewSaleReset.test_37_focuses_item) ... ok
test_15_insert_payload_keys (test_counter_sale_input.TestPayloadIntegrity.test_15_insert_payload_keys) ... ok
test_16_item_dict_shape (test_counter_sale_input.TestPayloadIntegrity.test_16_item_dict_shape) ... ok
test_44_stable_after_one_add (test_counter_sale_input.TestRegionBStability.test_44_stable_after_one_add) ... ok
test_45_stable_after_two_adds (test_counter_sale_input.TestRegionBStability.test_45_stable_after_two_adds) ... ok
test_06_get_stock_batches (test_counter_sale_input.TestSalesDAO.test_06_get_stock_batches) ... ok
test_07_excludes_zero_stock (test_counter_sale_input.TestSalesDAO.test_07_excludes_zero_stock) ... ok
test_08_get_batch_by_id (test_counter_sale_input.TestSalesDAO.test_08_get_batch_by_id) ... ok
test_09_get_batch_by_item_and_batch_no (test_counter_sale_input.TestSalesDAO.test_09_get_batch_by_item_and_batch_no) ... ok
test_10_expired (test_counter_sale_input.TestSalesDAO.test_10_expired) ... ok
test_11_not_expired (test_counter_sale_input.TestSalesDAO.test_11_not_expired) ... ok
test_12_bill_no (test_counter_sale_input.TestSalesDAO.test_12_bill_no) ... ok
test_13_insert_get (test_counter_sale_input.TestSalesDAO.test_13_insert_get) ... ok
test_14_stock_reduced (test_counter_sale_input.TestSalesDAO.test_14_stock_reduced) ... ok
test_iso_expiry_date_in_future_is_not_expired (test_counter_sale_input.TestSalesDAO.test_iso_expiry_date_in_future_is_not_expired) ... ok
test_iso_expiry_date_is_expired (test_counter_sale_input.TestSalesDAO.test_iso_expiry_date_is_expired) ... ok
test_38_needs_customer (test_counter_sale_input.TestSaveValidation.test_38_needs_customer) ... ok
test_39_needs_items (test_counter_sale_input.TestSaveValidation.test_39_needs_items) ... ok
test_01_item_combo_is_keyboard_enabled (test_counter_sale_keyboard.CounterSaleKeyboardTests.test_01_item_combo_is_keyboard_enabled) ... ok
test_02_batch_combo_is_keyboard_enabled (test_counter_sale_keyboard.CounterSaleKeyboardTests.test_02_batch_combo_is_keyboard_enabled) ... ok
test_03_item_completer_exists (test_counter_sale_keyboard.CounterSaleKeyboardTests.test_03_item_completer_exists) ... ok
test_04_batch_completer_exists (test_counter_sale_keyboard.CounterSaleKeyboardTests.test_04_batch_completer_exists) ... ok
test_05_item_popup_matches_typed_text (test_counter_sale_keyboard.CounterSaleKeyboardTests.test_05_item_popup_matches_typed_text) ... ok
test_06_item_popup_is_single_instance (test_counter_sale_keyboard.CounterSaleKeyboardTests.test_06_item_popup_is_single_instance) ... ok
test_07_item_down_selects_row (test_counter_sale_keyboard.CounterSaleKeyboardTests.test_07_item_down_selects_row) ... ok
test_08_item_up_stays_at_boundary (test_counter_sale_keyboard.CounterSaleKeyboardTests.test_08_item_up_stays_at_boundary) ... ok
test_09_item_enter_accepts_popup (test_counter_sale_keyboard.CounterSaleKeyboardTests.test_09_item_enter_accepts_popup) ... ok
test_10_item_escape_closes_popup (test_counter_sale_keyboard.CounterSaleKeyboardTests.test_10_item_escape_closes_popup) ... ok
test_11_item_tab_accepts_and_focuses_batch (test_counter_sale_keyboard.CounterSaleKeyboardTests.test_11_item_tab_accepts_and_focuses_batch) ... ok
test_12_item_selection_loads_batches (test_counter_sale_keyboard.CounterSaleKeyboardTests.test_12_item_selection_loads_batches) ... ok
test_13_item_selection_loads_stock_context (test_counter_sale_keyboard.CounterSaleKeyboardTests.test_13_item_selection_loads_stock_context) ... ok
test_14_item_completion_focuses_batch (test_counter_sale_keyboard.CounterSaleKeyboardTests.test_14_item_completion_focuses_batch) ... ok
test_15_batch_popup_matches_typed_text (test_counter_sale_keyboard.CounterSaleKeyboardTests.test_15_batch_popup_matches_typed_text) ... ok
test_16_batch_down_selects_row (test_counter_sale_keyboard.CounterSaleKeyboardTests.test_16_batch_down_selects_row) ... ok
test_17_batch_up_stays_at_boundary (test_counter_sale_keyboard.CounterSaleKeyboardTests.test_17_batch_up_stays_at_boundary) ... ok
test_18_batch_enter_accepts_popup (test_counter_sale_keyboard.CounterSaleKeyboardTests.test_18_batch_enter_accepts_popup) ... ok
test_19_batch_escape_closes_popup (test_counter_sale_keyboard.CounterSaleKeyboardTests.test_19_batch_escape_closes_popup) ... ok
test_20_batch_tab_accepts_and_focuses_quantity (test_counter_sale_keyboard.CounterSaleKeyboardTests.test_20_batch_tab_accepts_and_focuses_quantity) ... ok
test_21_batch_selection_populates_pack (test_counter_sale_keyboard.CounterSaleKeyboardTests.test_21_batch_selection_populates_pack) ... ok
test_22_batch_selection_populates_expiry (test_counter_sale_keyboard.CounterSaleKeyboardTests.test_22_batch_selection_populates_expiry) ... ok
test_23_batch_selection_populates_mrp (test_counter_sale_keyboard.CounterSaleKeyboardTests.test_23_batch_selection_populates_mrp) ... ok
test_24_batch_selection_populates_stock (test_counter_sale_keyboard.CounterSaleKeyboardTests.test_24_batch_selection_populates_stock) ... ok
test_25_batch_enter_focuses_quantity (test_counter_sale_keyboard.CounterSaleKeyboardTests.test_25_batch_enter_focuses_quantity) ... ok
test_26_quantity_tab_focuses_discount (test_counter_sale_keyboard.CounterSaleKeyboardTests.test_26_quantity_tab_focuses_discount) ... ok
test_27_discount_tab_focuses_add (test_counter_sale_keyboard.CounterSaleKeyboardTests.test_27_discount_tab_focuses_add) ... ok
test_28_add_button_tab_focuses_next_widget (test_counter_sale_keyboard.CounterSaleKeyboardTests.test_28_add_button_tab_focuses_next_widget) ... ok
test_29_quantity_enter_activates_add (test_counter_sale_keyboard.CounterSaleKeyboardTests.test_29_quantity_enter_activates_add) ... ok
test_30_discount_enter_activates_add (test_counter_sale_keyboard.CounterSaleKeyboardTests.test_30_discount_enter_activates_add) ... ok
test_31_add_returns_focus_to_item (test_counter_sale_keyboard.CounterSaleKeyboardTests.test_31_add_returns_focus_to_item) ... ok
test_32_keyboard_add_creates_one_row (test_counter_sale_keyboard.CounterSaleKeyboardTests.test_32_keyboard_add_creates_one_row) ... ok
test_33_keyboard_add_updates_total (test_counter_sale_keyboard.CounterSaleKeyboardTests.test_33_keyboard_add_updates_total) ... ok
test_34_mouse_item_selection_still_works (test_counter_sale_keyboard.CounterSaleKeyboardTests.test_34_mouse_item_selection_still_works) ... ok
test_35_mouse_batch_selection_still_works (test_counter_sale_keyboard.CounterSaleKeyboardTests.test_35_mouse_batch_selection_still_works) ... ok
test_36_repeated_item_selection_does_not_duplicate_batches (test_counter_sale_keyboard.CounterSaleKeyboardTests.test_36_repeated_item_selection_does_not_duplicate_batches) ... ok
test_37_repeated_new_sale_keeps_one_entry_bar (test_counter_sale_keyboard.CounterSaleKeyboardTests.test_37_repeated_new_sale_keeps_one_entry_bar) ... ok
test_38_repeated_popup_opening_reuses_popup (test_counter_sale_keyboard.CounterSaleKeyboardTests.test_38_repeated_popup_opening_reuses_popup) ... ok
test_39_escape_does_not_cancel_sale (test_counter_sale_keyboard.CounterSaleKeyboardTests.test_39_escape_does_not_cancel_sale) ... ok
test_40_existing_payload_shape_is_preserved (test_counter_sale_keyboard.CounterSaleKeyboardTests.test_40_existing_payload_shape_is_preserved) ... ok
test_41_stock_is_not_changed_by_entry (test_counter_sale_keyboard.CounterSaleKeyboardTests.test_41_stock_is_not_changed_by_entry) ... ok
test_42_full_keyboard_workflow (test_counter_sale_keyboard.CounterSaleKeyboardTests.test_42_full_keyboard_workflow) ... ok
test_amount_preview_uses_unit_price_and_discount (test_counter_sale_keyboard.CounterSaleKeyboardTests.test_amount_preview_uses_unit_price_and_discount) ... ok
test_batch_selection_preserves_item_master_location (test_counter_sale_keyboard.CounterSaleKeyboardTests.test_batch_selection_preserves_item_master_location) ... ok
test_different_batches_remain_separate_bill_rows (test_counter_sale_keyboard.CounterSaleKeyboardTests.test_different_batches_remain_separate_bill_rows) ... ok
test_empty_quantity_is_rejected (test_counter_sale_keyboard.CounterSaleKeyboardTests.test_empty_quantity_is_rejected) ... ok
test_history_loads_older_invoices_as_table_scrolls (test_counter_sale_keyboard.CounterSaleKeyboardTests.test_history_loads_older_invoices_as_table_scrolls) ... ok
test_iso_expired_batch_is_rejected_before_add (test_counter_sale_keyboard.CounterSaleKeyboardTests.test_iso_expired_batch_is_rejected_before_add) ... ok
test_item_and_batch_dropdowns_use_light_colors (test_counter_sale_keyboard.CounterSaleKeyboardTests.test_item_and_batch_dropdowns_use_light_colors) ... ok
test_item_and_batch_popups_stay_inside_application_window (test_counter_sale_keyboard.CounterSaleKeyboardTests.test_item_and_batch_popups_stay_inside_application_window) ... ok
test_item_click_with_empty_field_shows_products (test_counter_sale_keyboard.CounterSaleKeyboardTests.test_item_click_with_empty_field_shows_products) ... ok
test_item_no_match_is_visible_but_not_selectable (test_counter_sale_keyboard.CounterSaleKeyboardTests.test_item_no_match_is_visible_but_not_selectable) ... ok
test_item_popup_uses_light_colors (test_counter_sale_keyboard.CounterSaleKeyboardTests.test_item_popup_uses_light_colors) ... ok
test_item_search_is_case_insensitive_and_partial (test_counter_sale_keyboard.CounterSaleKeyboardTests.test_item_search_is_case_insensitive_and_partial) ... ok
test_item_search_matches_generic_name (test_counter_sale_keyboard.CounterSaleKeyboardTests.test_item_search_matches_generic_name) ... ok
test_item_selection_opens_multiple_batch_popup (test_counter_sale_keyboard.CounterSaleKeyboardTests.test_item_selection_opens_multiple_batch_popup) ... ok
test_overstock_quantity_uses_live_draft_availability (test_counter_sale_keyboard.CounterSaleKeyboardTests.test_overstock_quantity_uses_live_draft_availability) ... ok
test_same_batch_merge_and_delete_releases_draft_stock (test_counter_sale_keyboard.CounterSaleKeyboardTests.test_same_batch_merge_and_delete_releases_draft_stock) ... ok
test_save_rejects_invalid_bill_amounts_without_writing (test_counter_sale_keyboard.CounterSaleKeyboardTests.test_save_rejects_invalid_bill_amounts_without_writing) ... ok
test_save_revalidates_stock_before_writing (test_counter_sale_keyboard.CounterSaleKeyboardTests.test_save_revalidates_stock_before_writing) ... ok
test_unmatched_typing_cannot_reuse_previous_selection (test_counter_sale_keyboard.CounterSaleKeyboardTests.test_unmatched_typing_cannot_reuse_previous_selection) ... ok
test_zero_and_negative_quantities_are_rejected (test_counter_sale_keyboard.CounterSaleKeyboardTests.test_zero_and_negative_quantities_are_rejected) ... ok
test_01_history_region_has_controlled_height (test_counter_sale_layout.CounterSaleLayoutTests.test_01_history_region_has_controlled_height) ... ok
test_02_empty_history_does_not_fill_the_page (test_counter_sale_layout.CounterSaleLayoutTests.test_02_empty_history_does_not_fill_the_page) ... ok
test_03_entry_region_is_directly_below_history (test_counter_sale_layout.CounterSaleLayoutTests.test_03_entry_region_is_directly_below_history) ... ok
test_04_entry_region_is_not_vertically_centered (test_counter_sale_layout.CounterSaleLayoutTests.test_04_entry_region_is_not_vertically_centered) ... ok
test_05_bill_table_expands_below_entry (test_counter_sale_layout.CounterSaleLayoutTests.test_05_bill_table_expands_below_entry) ... ok
test_06_right_bill_panel_exists (test_counter_sale_layout.CounterSaleLayoutTests.test_06_right_bill_panel_exists) ... ok
test_07_adding_an_item_does_not_move_entry_region (test_counter_sale_layout.CounterSaleLayoutTests.test_07_adding_an_item_does_not_move_entry_region) ... ok
test_08_history_rows_do_not_move_entry_region (test_counter_sale_layout.CounterSaleLayoutTests.test_08_history_rows_do_not_move_entry_region) ... ok
test_09_resize_preserves_region_order (test_counter_sale_layout.CounterSaleLayoutTests.test_09_resize_preserves_region_order) ... ok
test_10_new_sale_resets_and_focuses_active_area (test_counter_sale_layout.CounterSaleLayoutTests.test_10_new_sale_resets_and_focuses_active_area) ... ok
test_11_existing_buttons_remain (test_counter_sale_layout.CounterSaleLayoutTests.test_11_existing_buttons_remain) ... ok
test_12_hold_resume_loads_into_inline_sale_area (test_counter_sale_layout.CounterSaleLayoutTests.test_12_hold_resume_loads_into_inline_sale_area) ... ok
test_13_save_wiring_still_calls_sales_dao (test_counter_sale_layout.CounterSaleLayoutTests.test_13_save_wiring_still_calls_sales_dao) ... ok
test_01_customer_linked_sale (test_counter_sale_posting.TestCustomerSalePosting.test_01_customer_linked_sale) ... ok
test_02_exactly_two_posting_rows (test_counter_sale_posting.TestCustomerSalePosting.test_02_exactly_two_posting_rows) ... ok
test_03_customer_ledger_debit (test_counter_sale_posting.TestCustomerSalePosting.test_03_customer_ledger_debit) ... ok
test_04_sales_ledger_credit (test_counter_sale_posting.TestCustomerSalePosting.test_04_sales_ledger_credit) ... ok
test_05_correct_net_amount (test_counter_sale_posting.TestCustomerSalePosting.test_05_correct_net_amount) ... ok
test_06_reference_type (test_counter_sale_posting.TestCustomerSalePosting.test_06_reference_type) ... ok
test_07_reference_id (test_counter_sale_posting.TestCustomerSalePosting.test_07_reference_id) ... ok
test_08_voucher_number (test_counter_sale_posting.TestCustomerSalePosting.test_08_voucher_number) ... ok
test_09_fully_paid_customer_sale (test_counter_sale_posting.TestCustomerSalePosting.test_09_fully_paid_customer_sale) ... ok
test_10_partial_payment_customer_sale (test_counter_sale_posting.TestCustomerSalePosting.test_10_partial_payment_customer_sale) ... ok
test_28_delete_sale (test_counter_sale_posting.TestDeleteAndRollback.test_28_delete_sale) ... ok
test_29_accounting_reversed_on_delete (test_counter_sale_posting.TestDeleteAndRollback.test_29_accounting_reversed_on_delete) ... ok
test_30_stock_restored_on_delete (test_counter_sale_posting.TestDeleteAndRollback.test_30_stock_restored_on_delete) ... ok
test_31_failure_rolls_back_sale_stock_accounting (test_counter_sale_posting.TestDeleteAndRollback.test_31_failure_rolls_back_sale_stock_accounting) ... ok
test_21_edit_sale_amount (test_counter_sale_posting.TestEditRepost.test_21_edit_sale_amount) ... ok
test_22_old_posting_reversed_new_posted (test_counter_sale_posting.TestEditRepost.test_22_old_posting_reversed_new_posted) ... ok
test_23_edit_customer (test_counter_sale_posting.TestEditRepost.test_23_edit_customer) ... ok
test_24_posting_moves_to_correct_customer_ledger (test_counter_sale_posting.TestEditRepost.test_24_posting_moves_to_correct_customer_ledger) ... ok
test_25_customer_to_walkin_where_approved (test_counter_sale_posting.TestEditRepost.test_25_customer_to_walkin_where_approved) ... ok
test_26_cash_debit_for_valid_walkin (test_counter_sale_posting.TestEditRepost.test_26_cash_debit_for_valid_walkin) ... ok
test_27_invalid_walkin_transition_rejected (test_counter_sale_posting.TestEditRepost.test_27_invalid_walkin_transition_rejected) ... ok
test_14_sales_ledger_missing_rollback (test_counter_sale_posting.TestFailureAndDuplicates.test_14_sales_ledger_missing_rollback) ... ok
test_15_customer_ledger_missing_rollback (test_counter_sale_posting.TestFailureAndDuplicates.test_15_customer_ledger_missing_rollback) ... ok
test_16_duplicate_posting_rejected (test_counter_sale_posting.TestFailureAndDuplicates.test_16_duplicate_posting_rejected) ... ok
test_17_no_duplicate_active_effect (test_counter_sale_posting.TestFailureAndDuplicates.test_17_no_duplicate_active_effect) ... ok
test_32_persistence_after_restart (test_counter_sale_posting.TestPersistenceAndLedger.test_32_persistence_after_restart) ... ok
test_33_account_ledger_displays_entries (test_counter_sale_posting.TestPersistenceAndLedger.test_33_account_ledger_displays_entries) ... ok
test_34_customer_balance_consistency (test_counter_sale_posting.TestPersistenceAndLedger.test_34_customer_balance_consistency) ... ok
test_35_customer_receipt_still_works (test_counter_sale_posting.TestRegression.test_35_customer_receipt_still_works) ... ok
test_36_supplier_payment_still_works (test_counter_sale_posting.TestRegression.test_36_supplier_payment_still_works) ... ok
test_37_purchase_still_works (test_counter_sale_posting.TestRegression.test_37_purchase_still_works) ... ok
test_38_credit_note_still_works (test_counter_sale_posting.TestRegression.test_38_credit_note_still_works) ... ok
test_39_debit_note_still_works (test_counter_sale_posting.TestRegression.test_39_debit_note_still_works) ... ok
test_40_journal_entry_still_works (test_counter_sale_posting.TestRegression.test_40_journal_entry_still_works) ... ok
test_41_stock_master_still_works (test_counter_sale_posting.TestRegression.test_41_stock_master_still_works) ... ok
test_42_all_master_screens_still_work (test_counter_sale_posting.TestRegression.test_42_all_master_screens_still_work) ... ok
test_18_reverse_sale (test_counter_sale_posting.TestReversal.test_18_reverse_sale) ... ok
test_19_mirrored_reversal_rows (test_counter_sale_posting.TestReversal.test_19_mirrored_reversal_rows) ... ok
test_20_active_net_zero (test_counter_sale_posting.TestReversal.test_20_active_net_zero) ... ok
test_11_walkin_fully_paid_sale (test_counter_sale_posting.TestWalkinSales.test_11_walkin_fully_paid_sale) ... ok
test_12_walkin_underpaid_rejected (test_counter_sale_posting.TestWalkinSales.test_12_walkin_underpaid_rejected) ... ok
test_13_walkin_touches_no_customer_ledger (test_counter_sale_posting.TestWalkinSales.test_13_walkin_touches_no_customer_ledger) ... ok
test_01_filter_row_removed (test_counter_sale_ui_readability.CounterSaleUITests.test_01_filter_row_removed)
Filter bar widget must not exist on the page. ... ok
test_02_filter_controls_removed (test_counter_sale_ui_readability.CounterSaleUITests.test_02_filter_controls_removed)
From/To date filters and Customer filter must be gone. ... ok
test_03_no_filter_bar_widget (test_counter_sale_ui_readability.CounterSaleUITests.test_03_no_filter_bar_widget)
No filter bar container should exist. ... ok
test_04_history_directly_below_header (test_counter_sale_ui_readability.CounterSaleUITests.test_04_history_directly_below_header)
Bill History table must start right after the header strip. ... ok
test_05_no_empty_gap_where_filter_was (test_counter_sale_ui_readability.CounterSaleUITests.test_05_no_empty_gap_where_filter_was)
No empty gap between header and history table. ... ok
test_06_page_title_font_readable (test_counter_sale_ui_readability.CounterSaleUITests.test_06_page_title_font_readable)
Page title font must be 16-18 px. ... ok
test_07_history_table_header_font (test_counter_sale_ui_readability.CounterSaleUITests.test_07_history_table_header_font)
History table headers must be bold and 10-11 px. ... ok
test_08_bill_table_header_font (test_counter_sale_ui_readability.CounterSaleUITests.test_08_bill_table_header_font)
Bill table headers must be bold and 10-11 px. ... ok
test_09_history_table_cell_font (test_counter_sale_ui_readability.CounterSaleUITests.test_09_history_table_cell_font)
History table cells must be 10-11 px. ... ok
test_10_bill_table_cell_font (test_counter_sale_ui_readability.CounterSaleUITests.test_10_bill_table_cell_font)
Bill table cells must be 10-11 px. ... ok
test_11_active_entry_labels_readable (test_counter_sale_ui_readability.CounterSaleUITests.test_11_active_entry_labels_readable)
Active entry labels must be 10-11 px. ... ok
test_12_active_entry_input_font (test_counter_sale_ui_readability.CounterSaleUITests.test_12_active_entry_input_font)
Active entry input fields must be 10-11 px. ... ok
test_13_sale_header_labels_readable (test_counter_sale_ui_readability.CounterSaleUITests.test_13_sale_header_labels_readable)
Sale Header labels must be 10-11 px and bold. ... ok
test_14_sale_header_group_title_readable (test_counter_sale_ui_readability.CounterSaleUITests.test_14_sale_header_group_title_readable)
Sale Header group box title must be 11-12 px. ... ok
test_15_totals_labels_readable (test_counter_sale_ui_readability.CounterSaleUITests.test_15_totals_labels_readable)
Totals labels must be 10-11 px. ... ok
test_16_totals_values_readable (test_counter_sale_ui_readability.CounterSaleUITests.test_16_totals_values_readable)
Totals numeric values must be 11-12 px. ... ok
test_17_action_buttons_readable (test_counter_sale_ui_readability.CounterSaleUITests.test_17_action_buttons_readable)
Save Sale, Hold Bill, Cancel buttons must be 10-11 px and bold. ... ok
test_18_add_button_readable (test_counter_sale_ui_readability.CounterSaleUITests.test_18_add_button_readable)
Add button must be 10-11 px and bold. ... ok
test_19_new_sale_button_readable (test_counter_sale_ui_readability.CounterSaleUITests.test_19_new_sale_button_readable)
New Sale button must be 10-11 px and bold. ... ok
test_20_right_panel_labels_readable (test_counter_sale_ui_readability.CounterSaleUITests.test_20_right_panel_labels_readable)
Right bill panel labels must be 10-11 px. ... ok
test_21_right_panel_buttons_readable (test_counter_sale_ui_readability.CounterSaleUITests.test_21_right_panel_buttons_readable)
Right bill panel buttons must be 10-11 px and bold. ... ok
test_22_no_clipping_1366x768 (test_counter_sale_ui_readability.CounterSaleUITests.test_22_no_clipping_1366x768)
No clipping at 1366x768. ... ok
test_23_no_clipping_1600x900 (test_counter_sale_ui_readability.CounterSaleUITests.test_23_no_clipping_1600x900)
No clipping at 1600x900. ... ok
test_24_no_clipping_1920x1080 (test_counter_sale_ui_readability.CounterSaleUITests.test_24_no_clipping_1920x1080)
No clipping at 1920x1080. ... ok
test_25_layout_structure_preserved (test_counter_sale_ui_readability.CounterSaleUITests.test_25_layout_structure_preserved)
History > Entry > Bill Items > Sale Header/Totals order. ... ok
test_26_right_panel_exists (test_counter_sale_ui_readability.CounterSaleUITests.test_26_right_panel_exists)
Right bill panel must still exist. ... ok
test_27_font_family_consistent (test_counter_sale_ui_readability.CounterSaleUITests.test_27_font_family_consistent)
All widgets must use the centralized font family. ... ok
test_36_accounting_entries_created (test_counter_sale_units.TestAccountingPost.test_36_accounting_entries_created)
Valid sale should create ledger transactions. ... ok
test_49_row_stores_pack_size (test_counter_sale_units.TestBillItemRowUnitAware.test_49_row_stores_pack_size)
_BillItemRow stores pack_size string. ... ok
test_50_to_dict_preserves_pack_size (test_counter_sale_units.TestBillItemRowUnitAware.test_50_to_dict_preserves_pack_size)
to_dict includes pack_size. ... ok
test_42_delete_restores_stock (test_counter_sale_units.TestDeleteSaleRegression.test_42_delete_restores_stock)
Deleting a sale should restore stock. ... ok
test_43_delete_removes_invoice (test_counter_sale_units.TestDeleteSaleRegression.test_43_delete_removes_invoice)
Deleting a sale should remove the invoice. ... ok
test_10_discount_subtracted_from_gross (test_counter_sale_units.TestDiscountUnitPricing.test_10_discount_subtracted_from_gross)
Discount is subtracted from qty * unit_price, not qty * mrp. ... ok
test_11_discount_exceeds_gross_rejected (test_counter_sale_units.TestDiscountUnitPricing.test_11_discount_exceeds_gross_rejected)
Discount > gross should be rejected in UI logic. ... ok
test_12_zero_discount (test_counter_sale_units.TestDiscountUnitPricing.test_12_zero_discount)
Zero discount \u2192 amount == gross. ... ok
test_40_edit_sale_adjusts_stock (test_counter_sale_units.TestEditSaleRegression.test_40_edit_sale_adjusts_stock)
Editing a sale should reverse old stock and apply new stock. ... ok
test_41_edit_sale_updates_invoice (test_counter_sale_units.TestEditSaleRegression.test_41_edit_sale_updates_invoice)
Editing a sale updates the invoice header. ... ok
test_24_expired_detected (test_counter_sale_units.TestExpiredBatch.test_24_expired_detected)
is_expired should detect past dates. ... ok
test_44_existing_items_not_modified (test_counter_sale_units.TestHistoricalDataUnchanged.test_44_existing_items_not_modified)
Creating a new sale should not modify existing items or batches. ... ok
test_37_hold_bill_creates_hold (test_counter_sale_units.TestHoldBillRegression.test_37_hold_bill_creates_hold)
Hold Bill should create a hold_bills row. ... ok
test_38_hold_does_not_affect_stock (test_counter_sale_units.TestHoldBillRegression.test_38_hold_does_not_affect_stock)
Hold Bill should NOT reduce stock. ... ok
test_22_rejects_more_than_stock (test_counter_sale_units.TestInsufficientStock.test_22_rejects_more_than_stock)
Sale qty > available stock should raise ValueError. ... ok
test_23_exact_stock_succeeds (test_counter_sale_units.TestInsufficientStock.test_23_exact_stock_succeeds)
Sale qty == available stock should succeed. ... ok
test_51_full_roundtrip_qty1 (test_counter_sale_units.TestIntegrationUnitSelling.test_51_full_roundtrip_qty1)
Full roundtrip: create item \u2192 seed stock \u2192 sell 1 unit \u2192 verify amount. ... ok
test_52_full_roundtrip_qty5 (test_counter_sale_units.TestIntegrationUnitSelling.test_52_full_roundtrip_qty5)
Full roundtrip: sell 5 units \u2192 verify amount and stock. ... ok
test_47_qty_16 (test_counter_sale_units.TestLargeQty.test_47_qty_16)
Qty 16 = 1 pack + 1 unit: amount = 16 * (MRP/15). ... ok
test_48_qty_30 (test_counter_sale_units.TestLargeQty.test_48_qty_30)
Qty 30 = 2 full packs: amount = 30 * (MRP/15) = 2 * MRP. ... ok
test_32_failed_sale_no_invoice_created (test_counter_sale_units.TestNoDBWriteOnFailure.test_32_failed_sale_no_invoice_created)
Failed sale (insufficient stock) should not create any invoice row. ... ok
test_33_failed_sale_stock_unchanged (test_counter_sale_units.TestNoDBWriteOnFailure.test_33_failed_sale_stock_unchanged)
Failed sale should not change stock. ... ok
test_04_pack_size_1 (test_counter_sale_units.TestPackSizeEdgeCases.test_04_pack_size_1)
Pack size 1 \u2192 unit price = MRP (no division). ... ok
test_05_pack_size_10 (test_counter_sale_units.TestPackSizeEdgeCases.test_05_pack_size_10)
Pack size 10, MRP 100 \u2192 unit price 10, qty 3 \u2192 30. ... ok
test_06_pack_size_6 (test_counter_sale_units.TestPackSizeEdgeCases.test_06_pack_size_6)
Pack size 6, MRP 252 \u2192 unit price 42, qty 4 \u2192 168. ... ok
test_45_pack_size_1_amount (test_counter_sale_units.TestPackSizeOne.test_45_pack_size_1_amount) ... ok
test_46_pack_size_1_qty_equals_mrp (test_counter_sale_units.TestPackSizeOne.test_46_pack_size_1_qty_equals_mrp)
Qty 1 with pack_size=1 should equal MRP exactly. ... ok
test_30_zero_stock_deduction (test_counter_sale_units.TestQtyValidation.test_30_zero_stock_deduction)
qty=0 passes stock check but fails accounting (PostingError). ... ok
test_31_negative_stock_blocked (test_counter_sale_units.TestQtyValidation.test_31_negative_stock_blocked)
qty < 0 results in negative stock_qty check failure. ... ok
test_07_rounding_halves_up (test_counter_sale_units.TestRounding.test_07_rounding_halves_up)
_round2 uses ROUND_HALF_UP. ... ok
test_08_unit_price_rounding (test_counter_sale_units.TestRounding.test_08_unit_price_rounding)
Unit price division may have many decimals; amount is rounded. ... ok
test_09_full_pack_amount_approximately_mrp (test_counter_sale_units.TestRounding.test_09_full_pack_amount_approximately_mrp)
Selling full pack qty should approximately equal MRP (subject to rounding). ... ok
test_25_customer_none_rejected (test_counter_sale_units.TestSaveValidationCustomer.test_25_customer_none_rejected)
insert_invoice with customer_id=None is allowed at DAO level, ... ok
test_26_zero_qty_rejected (test_counter_sale_units.TestSaveValidationCustomer.test_26_zero_qty_rejected)
qty=0 passes stock check but fails accounting (net_amount must be > 0). ... ok
test_27_negative_qty_rejected (test_counter_sale_units.TestSaveValidationCustomer.test_27_negative_qty_rejected)
qty < 0: stock_qty < sale_qty check should reject. ... ok
test_28_empty_items_list_rejected (test_counter_sale_units.TestSaveValidationNoItems.test_28_empty_items_list_rejected)
Empty items list should be caught by UI validation. ... ok
test_29_invalid_batch_id_rejected (test_counter_sale_units.TestSaveValidationNoItems.test_29_invalid_batch_id_rejected)
Non-existent batch id should raise an error (FK or ValueError). ... ok
test_19_full_pack_qty15 (test_counter_sale_units.TestStockDeductionFullPack.test_19_full_pack_qty15)
Selling qty=15 (full pack) reduces stock by 15. ... ok
test_20_full_pack_amount_approx_mrp (test_counter_sale_units.TestStockDeductionFullPack.test_20_full_pack_amount_approx_mrp)
Full pack amount \u2248 MRP (within rounding). ... ok
test_21_full_pack_stock_not_doubled (test_counter_sale_units.TestStockDeductionFullPack.test_21_full_pack_stock_not_doubled)
Full pack qty=15 must not reduce stock by 15*15. ... ok
test_16_qty_5 (test_counter_sale_units.TestStockDeductionMultipleUnits.test_16_qty_5)
Selling qty=5 reduces stock by 5. ... ok
test_17_qty_10 (test_counter_sale_units.TestStockDeductionMultipleUnits.test_17_qty_10)
Selling qty=10 reduces stock by 10. ... ok
test_18_multiple_sales_cumulative (test_counter_sale_units.TestStockDeductionMultipleUnits.test_18_multiple_sales_cumulative)
Two consecutive sales accumulate stock reduction. ... ok
test_13_stock_reduces_by_1 (test_counter_sale_units.TestStockDeductionSingleUnit.test_13_stock_reduces_by_1)
Selling qty=1 should reduce stock by exactly 1 unit. ... ok
test_14_stock_not_reduced_by_pack (test_counter_sale_units.TestStockDeductionSingleUnit.test_14_stock_not_reduced_by_pack)
Selling qty=1 must NOT reduce stock by pack_size (15). ... ok
test_15_stock_reduces_by_exact_qty (test_counter_sale_units.TestStockDeductionSingleUnit.test_15_stock_reduces_by_exact_qty)
Stock reduction equals sale_qty exactly. ... ok
test_01_unit_price_division (test_counter_sale_units.TestUnitPriceCalculation.test_01_unit_price_division)
Pack size 15, MRP 341.34 \u2192 unit price = 341.34 / 15 = 22.756. ... ok
test_02_amount_qty1 (test_counter_sale_units.TestUnitPriceCalculation.test_02_amount_qty1)
Qty 1, pack 15, MRP 341.34 \u2192 amount = 1 * 22.756 = 22.76 (rounded). ... ok
test_03_amount_qty15 (test_counter_sale_units.TestUnitPriceCalculation.test_03_amount_qty15)
Qty 15, pack 15, MRP 341.34 \u2192 amount = 15 * 22.756 = 341.34 (\u2248 full pack). ... ok
test_34_stock_changes_exactly_once (test_counter_sale_units.TestValidSaleStockChange.test_34_stock_changes_exactly_once)
Valid sale reduces stock by exactly sale_qty, once. ... ok
test_35_stock_not_over_reduced (test_counter_sale_units.TestValidSaleStockChange.test_35_stock_not_over_reduced)
Stock should not be reduced more than once per sale. ... ok
test_01_create_credit_note (test_credit_note.TestCNBasicCRUD.test_01_create_credit_note) ... ok
test_02_voucher_number_auto_increment (test_credit_note.TestCNBasicCRUD.test_02_voucher_number_auto_increment) ... ok
test_03_stock_restoration_on_insert (test_credit_note.TestCNBasicCRUD.test_03_stock_restoration_on_insert) ... ok
test_04_multiple_items (test_credit_note.TestCNBasicCRUD.test_04_multiple_items) ... ok
test_05_edit_credit_note (test_credit_note.TestCNBasicCRUD.test_05_edit_credit_note) ... ok
test_06_delete_credit_note (test_credit_note.TestCNBasicCRUD.test_06_delete_credit_note) ... ok
test_23_ledger_matches_total (test_credit_note.TestCNEdgeCases.test_23_ledger_matches_total) ... ok
test_24_all_customer_types (test_credit_note.TestCNEdgeCases.test_24_all_customer_types) ... ok
test_25_empty_filter_returns_all (test_credit_note.TestCNEdgeCases.test_25_empty_filter_returns_all) ... ok
test_26_voucher_no_auto_increment_edge (test_credit_note.TestCNEdgeCases.test_26_voucher_no_auto_increment_edge) ... ok
test_20_edit_reverses_old_stock (test_credit_note.TestCNEditStock.test_20_edit_reverses_old_stock) ... ok
test_21_rate_from_purchase_rate (test_credit_note.TestCNEditStock.test_21_rate_from_purchase_rate) ... ok
test_22_amount_calculation (test_credit_note.TestCNEditStock.test_22_amount_calculation) ... ok
test_13_less_amount (test_credit_note.TestCNFeatures.test_13_less_amount) ... ok
test_14_cn_type_supplier (test_credit_note.TestCNFeatures.test_14_cn_type_supplier) ... ok
test_15_cn_date_separate (test_credit_note.TestCNFeatures.test_15_cn_date_separate) ... ok
test_16_remarks_persisted (test_credit_note.TestCNFeatures.test_16_remarks_persisted) ... ok
test_07_filter_by_voucher_date (test_credit_note.TestCNFiltering.test_07_filter_by_voucher_date) ... ok
test_08_filter_by_customer (test_credit_note.TestCNFiltering.test_08_filter_by_customer) ... ok
test_09_filter_by_voucher_no (test_credit_note.TestCNFiltering.test_09_filter_by_voucher_no) ... ok
test_17_items_persisted (test_credit_note.TestCNPersistence.test_17_items_persisted) ... ok
test_18_multiple_cns (test_credit_note.TestCNPersistence.test_18_multiple_cns) ... ok
test_19_delete_reverses_stock (test_credit_note.TestCNPersistence.test_19_delete_reverses_stock) ... ok
test_10_no_customer_raises (test_credit_note.TestCNValidation.test_10_no_customer_raises) ... ok
test_11_no_items_still_creates_header (test_credit_note.TestCNValidation.test_11_no_items_still_creates_header) ... ok
test_12_return_qty_zero (test_credit_note.TestCNValidation.test_12_return_qty_zero) ... ok
test_03_credit_note_creates_two_rows (test_credit_note_posting.TestCreditNotePosting.test_03_credit_note_creates_two_rows) ... ok
test_04_sales_return_ledger_debited (test_credit_note_posting.TestCreditNotePosting.test_04_sales_return_ledger_debited) ... ok
test_05_customer_ledger_credited (test_credit_note_posting.TestCreditNotePosting.test_05_customer_ledger_credited) ... ok
test_06_reference_type_and_id (test_credit_note_posting.TestCreditNotePosting.test_06_reference_type_and_id) ... ok
test_07_voucher_number_in_posting (test_credit_note_posting.TestCreditNotePosting.test_07_voucher_number_in_posting) ... ok
test_08_entries_path_to_sales_return_and_customer_only (test_credit_note_posting.TestCreditNotePosting.test_08_entries_path_to_sales_return_and_customer_only) ... ok
test_09_dao_insert_auto_posts_in_same_transaction (test_credit_note_posting.TestCreditNotePosting.test_09_dao_insert_auto_posts_in_same_transaction) ... ok
test_10_stock_restore_unchanged_by_posting (test_credit_note_posting.TestCreditNotePosting.test_10_stock_restore_unchanged_by_posting) ... ok
test_11_net_effect_balances_to_zero (test_credit_note_posting.TestCreditNotePosting.test_11_net_effect_balances_to_zero) ... ok
test_12_system_tender_roles_not_posted (test_credit_note_posting.TestCreditNotePosting.test_12_system_tender_roles_not_posted) ... ok
test_21_delete_reverses_accounting (test_credit_note_posting.TestDelete.test_21_delete_reverses_accounting) ... ok
test_13_duplicate_posting_raises (test_credit_note_posting.TestDuplicatePrevention.test_13_duplicate_posting_raises) ... ok
test_14_no_duplicate_active_effect (test_credit_note_posting.TestDuplicatePrevention.test_14_no_duplicate_active_effect) ... ok
test_17_edit_amount_reposts (test_credit_note_posting.TestEditAndRepost.test_17_edit_amount_reposts) ... ok
test_18_old_posting_reversed_on_edit (test_credit_note_posting.TestEditAndRepost.test_18_old_posting_reversed_on_edit) ... ok
test_19_edit_type_field_voucher_type (test_credit_note_posting.TestEditAndRepost.test_19_edit_type_field_voucher_type) ... ok
test_20_edit_customer_moves_rows_to_new_customer (test_credit_note_posting.TestEditAndRepost.test_20_edit_customer_moves_rows_to_new_customer) ... ok
test_22_customer_without_ledger_id (test_credit_note_posting.TestFailureSafety.test_22_customer_without_ledger_id) ... ok
test_23_missing_sales_return_system_ledger (test_credit_note_posting.TestFailureSafety.test_23_missing_sales_return_system_ledger) ... ok
test_24_missing_customer_header (test_credit_note_posting.TestFailureSafety.test_24_missing_customer_header) ... ok
test_25_negative_total_creates_no_posting (test_credit_note_posting.TestFailureSafety.test_25_negative_total_creates_no_posting) ... ok
test_26_zero_amount_legacy_no_post_yet (test_credit_note_posting.TestFailureSafety.test_26_zero_amount_legacy_no_post_yet) ... ok
test_27_negative_total_no_posting_rows (test_credit_note_posting.TestFailureSafety.test_27_negative_total_no_posting_rows) ... ok
test_28_restart_persistence (test_credit_note_posting.TestPersistenceAndLedger.test_28_restart_persistence) ... ok
test_29_customer_ledger_shows_credit_note_entries (test_credit_note_posting.TestPersistenceAndLedger.test_29_customer_ledger_shows_credit_note_entries) ... ok
test_30_sales_return_ledger_shows_credit_note_entries (test_credit_note_posting.TestPersistenceAndLedger.test_30_sales_return_ledger_shows_credit_note_entries) ... ok
test_31_customer_receipt_still_works (test_credit_note_posting.TestRegression.test_31_customer_receipt_still_works) ... ok
test_32_supplier_payment_still_works (test_credit_note_posting.TestRegression.test_32_supplier_payment_still_works) ... ok
test_33_purchase_posting_still_works (test_credit_note_posting.TestRegression.test_33_purchase_posting_still_works) ... ok
test_34_sales_posting_still_works (test_credit_note_posting.TestRegression.test_34_sales_posting_still_works) ... ok
test_35_debit_note_not_posted_yet (test_credit_note_posting.TestRegression.test_35_debit_note_not_posted_yet) ... ok
test_36_customer_crud_still_works (test_credit_note_posting.TestRegression.test_36_customer_crud_still_works) ... ok
test_15_reversal_creates_mirrored_rows (test_credit_note_posting.TestReversal.test_15_reversal_creates_mirrored_rows) ... ok
test_16_net_becomes_zero_after_reversal (test_credit_note_posting.TestReversal.test_16_net_becomes_zero_after_reversal) ... ok
test_01_customer_has_linked_ledger (test_credit_note_posting.TestSetupAndLinkage.test_01_customer_has_linked_ledger) ... ok
test_02_sales_return_system_ledger_exists (test_credit_note_posting.TestSetupAndLinkage.test_02_sales_return_system_ledger_exists) ... ok
test_18_balance_after_sale (test_customer_receipt.TestCRBalance.test_18_balance_after_sale) ... ok
test_18b_balance_after_receipt (test_customer_receipt.TestCRBalance.test_18b_balance_after_receipt) ... ok
test_18c_balance_full_payment (test_customer_receipt.TestCRBalance.test_18c_balance_full_payment) ... ok
test_18d_balance_overpayment (test_customer_receipt.TestCRBalance.test_18d_balance_overpayment) ... ok
test_01_create_receipt (test_customer_receipt.TestCRBasicCRUD.test_01_create_receipt) ... ok
test_02_voucher_number_auto_increment (test_customer_receipt.TestCRBasicCRUD.test_02_voucher_number_auto_increment) ... ok
test_03_receipt_appears_in_history (test_customer_receipt.TestCRBasicCRUD.test_03_receipt_appears_in_history) ... ok
test_04_amount_stored_correctly (test_customer_receipt.TestCRBasicCRUD.test_04_amount_stored_correctly) ... ok
test_05_edit_receipt (test_customer_receipt.TestCRBasicCRUD.test_05_edit_receipt) ... ok
test_19_counter_sale_still_works (test_customer_receipt.TestCRCrossModule.test_19_counter_sale_still_works) ... ok
test_20_credit_note_still_works (test_customer_receipt.TestCRCrossModule.test_20_credit_note_still_works) ... ok
test_21_purchase_still_works (test_customer_receipt.TestCRCrossModule.test_21_purchase_still_works) ... ok
test_22_debit_note_still_works (test_customer_receipt.TestCRCrossModule.test_22_debit_note_still_works) ... ok
test_23_supplier_payment_still_works (test_customer_receipt.TestCRCrossModule.test_23_supplier_payment_still_works) ... ok
test_24_stock_master_still_works (test_customer_receipt.TestCRCrossModule.test_24_stock_master_still_works) ... ok
test_25_all_master_screens_still_work (test_customer_receipt.TestCRCrossModule.test_25_all_master_screens_still_work) ... ok
test_15_delete_receipt (test_customer_receipt.TestCRDelete.test_15_delete_receipt) ... ok
test_16_delete_only_receipt (test_customer_receipt.TestCRDelete.test_16_delete_only_receipt) ... ok
test_07_edit_preserves_voucher_no (test_customer_receipt.TestCREditVerification.test_07_edit_preserves_voucher_no) ... ok
test_08_multiple_receipts (test_customer_receipt.TestCREditVerification.test_08_multiple_receipts) ... ok
test_13_date_filtering (test_customer_receipt.TestCRFiltering.test_13_date_filtering) ... ok
test_14_customer_filtering (test_customer_receipt.TestCRFiltering.test_14_customer_filtering) ... ok
test_17_persistence_across_connections (test_customer_receipt.TestCRPersistence.test_17_persistence_across_connections) ... ok
test_06_all_receipt_modes (test_customer_receipt.TestCRReceiptModes.test_06_all_receipt_modes) ... ok
test_09_voucher_always_unique (test_customer_receipt.TestCRValidation.test_09_voucher_always_unique) ... ok
test_10_amount_zero_rejected (test_customer_receipt.TestCRValidation.test_10_amount_zero_rejected) ... ok
test_11_negative_amount_rejected (test_customer_receipt.TestCRValidation.test_11_negative_amount_rejected) ... ok
test_12_missing_customer_raises (test_customer_receipt.TestCRValidation.test_12_missing_customer_raises) ... ok
test_36_cash_daily_debit (test_day_end.TestDayEndCashBank.test_36_cash_daily_debit) ... ok
test_37_cash_daily_credit (test_day_end.TestDayEndCashBank.test_37_cash_daily_credit) ... ok
test_38_cash_opening_balance (test_day_end.TestDayEndCashBank.test_38_cash_opening_balance) ... ok
test_39_cash_net_movement (test_day_end.TestDayEndCashBank.test_39_cash_net_movement) ... ok
test_40_cash_closing_balance (test_day_end.TestDayEndCashBank.test_40_cash_closing_balance) ... ok
test_41_bank_daily_debit (test_day_end.TestDayEndCashBank.test_41_bank_daily_debit) ... ok
test_42_bank_daily_credit (test_day_end.TestDayEndCashBank.test_42_bank_daily_credit) ... ok
test_43_bank_opening_balance (test_day_end.TestDayEndCashBank.test_43_bank_opening_balance) ... ok
test_44_bank_net_movement (test_day_end.TestDayEndCashBank.test_44_bank_net_movement) ... ok
test_45_bank_closing_balance (test_day_end.TestDayEndCashBank.test_45_bank_closing_balance) ... ok
test_46_cash_agrees_with_cash_book (test_day_end.TestDayEndCashBank.test_46_cash_agrees_with_cash_book) ... ok
test_47_bank_agrees_with_bank_book (test_day_end.TestDayEndCashBank.test_47_bank_agrees_with_bank_book) ... ok
test_48_missing_cash_ledger_clean (test_day_end.TestDayEndCashBank.test_48_missing_cash_ledger_clean) ... ok
test_49_missing_bank_ledger_clean (test_day_end.TestDayEndCashBank.test_49_missing_bank_ledger_clean) ... ok
test_50_no_invented_balances (test_day_end.TestDayEndCashBank.test_50_no_invented_balances) ... ok
test_56_date_preserved (test_day_end.TestDayEndDates.test_56_date_preserved) ... ok
test_57_day_summary_alias (test_day_end.TestDayEndDates.test_57_day_summary_alias) ... ok
test_58_invalid_date_rejected (test_day_end.TestDayEndDates.test_58_invalid_date_rejected) ... ok
test_59_empty_string_date_rejected (test_day_end.TestDayEndDates.test_59_empty_string_date_rejected) ... ok
test_60_invalid_format_rejected (test_day_end.TestDayEndDates.test_60_invalid_format_rejected) ... ok
test_61_boundary_previous_day_excluded (test_day_end.TestDayEndDates.test_61_boundary_previous_day_excluded) ... ok
test_62_boundary_next_day_excluded (test_day_end.TestDayEndDates.test_62_boundary_next_day_excluded) ... ok
test_63_historical_date_view_allowed (test_day_end.TestDayEndDates.test_63_historical_date_view_allowed) ... ok
test_01_empty_date_zero_sales (test_day_end.TestDayEndEmpty.test_01_empty_date_zero_sales) ... ok
test_02_empty_date_zero_purchases (test_day_end.TestDayEndEmpty.test_02_empty_date_zero_purchases) ... ok
test_03_empty_date_zero_stock_impact (test_day_end.TestDayEndEmpty.test_03_empty_date_zero_stock_impact) ... ok
test_04_empty_historical_date (test_day_end.TestDayEndEmpty.test_04_empty_historical_date) ... ok
test_64_default_date_within_active_fy (test_day_end.TestDayEndFinancialYear.test_64_default_date_within_active_fy) ... ok
test_65_default_uses_today_when_inside_fy (test_day_end.TestDayEndFinancialYear.test_65_default_uses_today_when_inside_fy) ... ok
test_66_default_falls_back_to_fy_end_outside_fy (test_day_end.TestDayEndFinancialYear.test_66_default_falls_back_to_fy_end_outside_fy) ... ok
test_67_historical_view_does_not_require_active_fy (test_day_end.TestDayEndFinancialYear.test_67_historical_view_does_not_require_active_fy) ... ok
test_81_pdf_generation (test_day_end.TestDayEndPrint.test_81_pdf_generation) ... ok
test_82_pdf_preview_contains_title_and_date (test_day_end.TestDayEndPrint.test_82_pdf_preview_contains_title_and_date) ... ok
test_83_pdf_contains_all_sections (test_day_end.TestDayEndPrint.test_83_pdf_contains_all_sections) ... ok
test_84_long_report_generation (test_day_end.TestDayEndPrint.test_84_long_report_generation) ... ok
test_85_longer_report_larger_than_short (test_day_end.TestDayEndPrint.test_85_longer_report_larger_than_short) ... ok
test_86_no_mysql_reference_in_dao (test_day_end.TestDayEndPrint.test_86_no_mysql_reference_in_dao) ... ok
test_12_purchase_count (test_day_end.TestDayEndPurchases.test_12_purchase_count) ... ok
test_13_purchase_amount (test_day_end.TestDayEndPurchases.test_13_purchase_amount) ... ok
test_14_purchase_gst_stored (test_day_end.TestDayEndPurchases.test_14_purchase_gst_stored) ... ok
test_15_purchase_bill_discount (test_day_end.TestDayEndPurchases.test_15_purchase_bill_discount) ... ok
test_16_purchase_other_amount (test_day_end.TestDayEndPurchases.test_16_purchase_other_amount) ... ok
test_17_purchase_round_off (test_day_end.TestDayEndPurchases.test_17_purchase_round_off) ... ok
test_18_purchase_net (test_day_end.TestDayEndPurchases.test_18_purchase_net) ... ok
test_19_purchase_fields_complete (test_day_end.TestDayEndPurchases.test_19_purchase_fields_complete) ... ok
test_20_purchase_no_invented_fields (test_day_end.TestDayEndPurchases.test_20_purchase_no_invented_fields) ... ok
test_68_no_row_count_changes (test_day_end.TestDayEndReadOnly.test_68_no_row_count_changes) ... ok
test_69_no_table_content_changes (test_day_end.TestDayEndReadOnly.test_69_no_table_content_changes) ... ok
test_70_no_stock_change (test_day_end.TestDayEndReadOnly.test_70_no_stock_change) ... ok
test_71_no_ledger_change (test_day_end.TestDayEndReadOnly.test_71_no_ledger_change) ... ok
test_72_no_accounting_postings (test_day_end.TestDayEndReadOnly.test_72_no_accounting_postings) ... ok
test_73_repeated_generation_unchanged (test_day_end.TestDayEndReadOnly.test_73_repeated_generation_unchanged) ... ok
test_74_no_date_locking_artifacts (test_day_end.TestDayEndReadOnly.test_74_no_date_locking_artifacts) ... ok
test_75_ledger_balance_unchanged (test_day_end.TestDayEndReadOnly.test_75_ledger_balance_unchanged) ... ok
test_26_receipt_count (test_day_end.TestDayEndReceiptsPayments.test_26_receipt_count) ... ok
test_27_cash_receipt_amount (test_day_end.TestDayEndReceiptsPayments.test_27_cash_receipt_amount) ... ok
test_28_bank_receipt_amount (test_day_end.TestDayEndReceiptsPayments.test_28_bank_receipt_amount) ... ok
test_29_receipt_total (test_day_end.TestDayEndReceiptsPayments.test_29_receipt_total) ... ok
test_30_bank_mode_receipt_bucket (test_day_end.TestDayEndReceiptsPayments.test_30_bank_mode_receipt_bucket) ... ok
test_31_payment_count (test_day_end.TestDayEndReceiptsPayments.test_31_payment_count) ... ok
test_32_cash_payment_amount (test_day_end.TestDayEndReceiptsPayments.test_32_cash_payment_amount) ... ok
test_33_bank_payment_amount (test_day_end.TestDayEndReceiptsPayments.test_33_bank_payment_amount) ... ok
test_34_payment_total (test_day_end.TestDayEndReceiptsPayments.test_34_payment_total) ... ok
test_35_cheque_payment_bucket (test_day_end.TestDayEndReceiptsPayments.test_35_cheque_payment_bucket) ... ok
test_76_reconciliation_section_present (test_day_end.TestDayEndReconciliation.test_76_reconciliation_section_present) ... ok
test_77_reconciliation_related_totals (test_day_end.TestDayEndReconciliation.test_77_reconciliation_related_totals) ... ok
test_78_no_invented_difference (test_day_end.TestDayEndReconciliation.test_78_no_invented_difference) ... ok
test_79_no_difference_in_overall (test_day_end.TestDayEndReconciliation.test_79_no_difference_in_overall) ... ok
test_80_reconciliation_getter_matches (test_day_end.TestDayEndReconciliation.test_80_reconciliation_getter_matches) ... ok
test_87_cash_book_unchanged (test_day_end.TestDayEndRegression.test_87_cash_book_unchanged) ... ok
test_88_bank_book_unchanged (test_day_end.TestDayEndRegression.test_88_bank_book_unchanged) ... ok
test_89_sales_report_unchanged (test_day_end.TestDayEndRegression.test_89_sales_report_unchanged) ... ok
test_90_purchase_report_unchanged (test_day_end.TestDayEndRegression.test_90_purchase_report_unchanged) ... ok
test_91_trial_balance_unchanged (test_day_end.TestDayEndRegression.test_91_trial_balance_unchanged) ... ok
test_92_trial_balance_unchanged_by_day_end (test_day_end.TestDayEndRegression.test_92_trial_balance_unchanged_by_day_end) ... ok
test_93_day_end_does_not_import_posting_engine (test_day_end.TestDayEndRegression.test_93_day_end_does_not_import_posting_engine) ... ok
test_21_credit_note_count (test_day_end.TestDayEndReturns.test_21_credit_note_count) ... ok
test_22_credit_note_amount (test_day_end.TestDayEndReturns.test_22_credit_note_amount) ... ok
test_23_debit_note_count (test_day_end.TestDayEndReturns.test_23_debit_note_count) ... ok
test_24_debit_note_amount (test_day_end.TestDayEndReturns.test_24_debit_note_amount) ... ok
test_25_returns_are_separate (test_day_end.TestDayEndReturns.test_25_returns_are_separate) ... ok
test_05_sales_count (test_day_end.TestDayEndSales.test_05_sales_count) ... ok
test_06_sales_amount (test_day_end.TestDayEndSales.test_06_sales_amount) ... ok
test_07_counter_sales_amount (test_day_end.TestDayEndSales.test_07_counter_sales_amount) ... ok
test_08_sales_discount (test_day_end.TestDayEndSales.test_08_sales_discount) ... ok
test_09_sales_net (test_day_end.TestDayEndSales.test_09_sales_net) ... ok
test_10_sales_total_fields_present (test_day_end.TestDayEndSales.test_10_sales_total_fields_present) ... ok
test_11_only_selected_date_counted (test_day_end.TestDayEndSales.test_11_only_selected_date_counted) ... ok
test_51_purchase_quantity_added (test_day_end.TestDayEndStock.test_51_purchase_quantity_added) ... ok
test_52_sales_quantity_removed (test_day_end.TestDayEndStock.test_52_sales_quantity_removed) ... ok
test_53_customer_return_added (test_day_end.TestDayEndStock.test_53_customer_return_added) ... ok
test_54_supplier_return_removed (test_day_end.TestDayEndStock.test_54_supplier_return_removed) ... ok
test_55_stock_impact_has_no_valuation (test_day_end.TestDayEndStock.test_55_stock_impact_has_no_valuation) ... ok
test_94_page_opens (test_day_end.TestDayEndUI.test_94_page_opens) ... ok
test_95_page_has_business_date_and_buttons (test_day_end.TestDayEndUI.test_95_page_has_business_date_and_buttons) ... ok
test_96_page_renders_rows_for_selected_date (test_day_end.TestDayEndUI.test_96_page_renders_rows_for_selected_date) ... ok
test_97_page_empty_state_message (test_day_end.TestDayEndUI.test_97_page_empty_state_message) ... ok
test_98_page_shows_read_only_note (test_day_end.TestDayEndUI.test_98_page_shows_read_only_note) ... ok
test_01_create_debit_note (test_debit_note.TestDNBasicCRUD.test_01_create_debit_note) ... ok
test_02_voucher_number_auto_increment (test_debit_note.TestDNBasicCRUD.test_02_voucher_number_auto_increment) ... ok
test_03_stock_decreases_on_insert (test_debit_note.TestDNBasicCRUD.test_03_stock_decreases_on_insert) ... ok
test_04_multiple_items (test_debit_note.TestDNBasicCRUD.test_04_multiple_items) ... ok
test_05_edit_debit_note (test_debit_note.TestDNBasicCRUD.test_05_edit_debit_note) ... ok
test_06_delete_debit_note (test_debit_note.TestDNBasicCRUD.test_06_delete_debit_note) ... ok
test_23_persistence_across_connections (test_debit_note.TestDNEdgeCases.test_23_persistence_across_connections) ... ok
test_24_purchase_still_works (test_debit_note.TestDNEdgeCases.test_24_purchase_still_works) ... ok
test_25_counter_sale_still_works (test_debit_note.TestDNEdgeCases.test_25_counter_sale_still_works) ... ok
test_26_credit_note_still_works (test_debit_note.TestDNEdgeCases.test_26_credit_note_still_works) ... ok
test_27_stock_master_still_works (test_debit_note.TestDNEdgeCases.test_27_stock_master_still_works) ... ok
test_28_all_master_screens_still_work (test_debit_note.TestDNEdgeCases.test_28_all_master_screens_still_work) ... ok
test_20_edit_reverses_old_deduction (test_debit_note.TestDNEditStock.test_20_edit_reverses_old_deduction) ... ok
test_21_rate_from_purchase_rate (test_debit_note.TestDNEditStock.test_21_rate_from_purchase_rate) ... ok
test_22_amount_calculation (test_debit_note.TestDNEditStock.test_22_amount_calculation) ... ok
test_13_less_amount (test_debit_note.TestDNFeatures.test_13_less_amount) ... ok
test_14_dn_type_supplier (test_debit_note.TestDNFeatures.test_14_dn_type_supplier) ... ok
test_15_dn_date_separate (test_debit_note.TestDNFeatures.test_15_dn_date_separate) ... ok
test_16_remarks_persisted (test_debit_note.TestDNFeatures.test_16_remarks_persisted) ... ok
test_07_filter_by_voucher_date (test_debit_note.TestDNFiltering.test_07_filter_by_voucher_date) ... ok
test_08_filter_by_supplier (test_debit_note.TestDNFiltering.test_08_filter_by_supplier) ... ok
test_09_filter_by_voucher_no (test_debit_note.TestDNFiltering.test_09_filter_by_voucher_no) ... ok
test_17_items_persisted (test_debit_note.TestDNPersistence.test_17_items_persisted) ... ok
test_18_multiple_dns (test_debit_note.TestDNPersistence.test_18_multiple_dns) ... ok
test_19_delete_restores_stock (test_debit_note.TestDNPersistence.test_19_delete_restores_stock) ... ok
test_10_missing_supplier_raises (test_debit_note.TestDNValidation.test_10_missing_supplier_raises) ... ok
test_11_insufficient_stock_raises (test_debit_note.TestDNValidation.test_11_insufficient_stock_raises) ... ok
test_12_return_qty_zero_raises (test_debit_note.TestDNValidation.test_12_return_qty_zero_raises) ... ok
test_03_debit_note_creates_two_rows (test_debit_note_posting.TestDebitNotePosting.test_03_debit_note_creates_two_rows) ... ok
test_04_supplier_ledger_debited (test_debit_note_posting.TestDebitNotePosting.test_04_supplier_ledger_debited) ... ok
test_05_purchase_return_ledger_credited (test_debit_note_posting.TestDebitNotePosting.test_05_purchase_return_ledger_credited) ... ok
test_06_reference_type_and_id (test_debit_note_posting.TestDebitNotePosting.test_06_reference_type_and_id) ... ok
test_07_voucher_number_in_posting (test_debit_note_posting.TestDebitNotePosting.test_07_voucher_number_in_posting) ... ok
test_08_entries_path_to_supplier_and_purchase_return_only (test_debit_note_posting.TestDebitNotePosting.test_08_entries_path_to_supplier_and_purchase_return_only) ... ok
test_09_dao_insert_auto_posts_in_same_transaction (test_debit_note_posting.TestDebitNotePosting.test_09_dao_insert_auto_posts_in_same_transaction) ... ok
test_10_stock_deduction_unchanged_by_posting (test_debit_note_posting.TestDebitNotePosting.test_10_stock_deduction_unchanged_by_posting) ... ok
test_11_net_effect_balances_to_zero (test_debit_note_posting.TestDebitNotePosting.test_11_net_effect_balances_to_zero) ... ok
test_12_system_tender_roles_not_posted (test_debit_note_posting.TestDebitNotePosting.test_12_system_tender_roles_not_posted) ... ok
test_21_delete_reverses_accounting (test_debit_note_posting.TestDelete.test_21_delete_reverses_accounting) ... ok
test_13_duplicate_posting_raises (test_debit_note_posting.TestDuplicatePrevention.test_13_duplicate_posting_raises) ... ok
test_14_no_duplicate_active_effect (test_debit_note_posting.TestDuplicatePrevention.test_14_no_duplicate_active_effect) ... ok
test_37_edit_return_qty_stock_remains_correct (test_debit_note_posting.TestEditAndMasterRegression.test_37_edit_return_qty_stock_remains_correct) ... ok
test_38_delete_restores_stock (test_debit_note_posting.TestEditAndMasterRegression.test_38_delete_restores_stock) ... ok
test_39_all_master_screens_still_work (test_debit_note_posting.TestEditAndMasterRegression.test_39_all_master_screens_still_work) ... ok
test_40_debit_note_crud_still_works (test_debit_note_posting.TestEditAndMasterRegression.test_40_debit_note_crud_still_works) ... ok
test_41_multiple_debit_notes_post_independently (test_debit_note_posting.TestEditAndMasterRegression.test_41_multiple_debit_notes_post_independently) ... ok
test_17_edit_amount_reposts (test_debit_note_posting.TestEditAndRepost.test_17_edit_amount_reposts) ... ok
test_18_old_posting_reversed_on_edit (test_debit_note_posting.TestEditAndRepost.test_18_old_posting_reversed_on_edit) ... ok
test_19_edit_type_field_voucher_type (test_debit_note_posting.TestEditAndRepost.test_19_edit_type_field_voucher_type) ... ok
test_20_edit_supplier_moves_rows_to_new_supplier (test_debit_note_posting.TestEditAndRepost.test_20_edit_supplier_moves_rows_to_new_supplier) ... ok
test_22_supplier_without_ledger_id (test_debit_note_posting.TestFailureSafety.test_22_supplier_without_ledger_id) ... ok
test_23_missing_purchase_return_system_ledger (test_debit_note_posting.TestFailureSafety.test_23_missing_purchase_return_system_ledger) ... ok
test_24_negative_total_creates_no_posting (test_debit_note_posting.TestFailureSafety.test_24_negative_total_creates_no_posting) ... ok
test_25_zero_amount_legacy_no_post_yet (test_debit_note_posting.TestFailureSafety.test_25_zero_amount_legacy_no_post_yet) ... ok
test_26_negative_total_no_posting_rows (test_debit_note_posting.TestFailureSafety.test_26_negative_total_no_posting_rows) ... ok
test_27_missing_supplier_header (test_debit_note_posting.TestFailureSafety.test_27_missing_supplier_header) ... ok
test_28_restart_persistence (test_debit_note_posting.TestPersistenceAndLedger.test_28_restart_persistence) ... ok
test_29_supplier_ledger_shows_debit_note_entries (test_debit_note_posting.TestPersistenceAndLedger.test_29_supplier_ledger_shows_debit_note_entries) ... ok
test_30_purchase_return_ledger_shows_debit_note_entries (test_debit_note_posting.TestPersistenceAndLedger.test_30_purchase_return_ledger_shows_debit_note_entries) ... ok
test_31_customer_receipt_still_works (test_debit_note_posting.TestRegression.test_31_customer_receipt_still_works) ... ok
test_32_supplier_payment_still_works (test_debit_note_posting.TestRegression.test_32_supplier_payment_still_works) ... ok
test_33_purchase_posting_still_works (test_debit_note_posting.TestRegression.test_33_purchase_posting_still_works) ... ok
test_34_sales_posting_still_works (test_debit_note_posting.TestRegression.test_34_sales_posting_still_works) ... ok
test_35_credit_note_still_works (test_debit_note_posting.TestRegression.test_35_credit_note_still_works) ... ok
test_36_stock_master_still_works (test_debit_note_posting.TestRegression.test_36_stock_master_still_works) ... ok
test_15_reversal_creates_mirrored_rows (test_debit_note_posting.TestReversal.test_15_reversal_creates_mirrored_rows) ... ok
test_16_net_becomes_zero_after_reversal (test_debit_note_posting.TestReversal.test_16_net_becomes_zero_after_reversal) ... ok
test_01_supplier_has_linked_ledger (test_debit_note_posting.TestSetupAndLinkage.test_01_supplier_has_linked_ledger) ... ok
test_02_purchase_return_system_ledger_exists (test_debit_note_posting.TestSetupAndLinkage.test_02_purchase_return_system_ledger_exists) ... ok
test_01_service_import (test_document_printing.DocumentPrintingTests.test_01_service_import) ... ok
test_02_sales_pdf_exists (test_document_printing.DocumentPrintingTests.test_02_sales_pdf_exists) ... ok
test_03_counter_pdf_exists (test_document_printing.DocumentPrintingTests.test_03_counter_pdf_exists) ... ok
test_04_purchase_pdf_exists (test_document_printing.DocumentPrintingTests.test_04_purchase_pdf_exists) ... ok
test_05_credit_pdf_exists (test_document_printing.DocumentPrintingTests.test_05_credit_pdf_exists) ... ok
test_06_debit_pdf_exists (test_document_printing.DocumentPrintingTests.test_06_debit_pdf_exists) ... ok
test_07_receipt_pdf_exists (test_document_printing.DocumentPrintingTests.test_07_receipt_pdf_exists) ... ok
test_08_payment_pdf_exists (test_document_printing.DocumentPrintingTests.test_08_payment_pdf_exists) ... ok
test_09_output_extension (test_document_printing.DocumentPrintingTests.test_09_output_extension) ... ok
test_10_default_output (test_document_printing.DocumentPrintingTests.test_10_default_output) ... ok
test_11_missing_sales (test_document_printing.DocumentPrintingTests.test_11_missing_sales) ... ok
test_12_missing_purchase (test_document_printing.DocumentPrintingTests.test_12_missing_purchase) ... ok
test_13_missing_credit (test_document_printing.DocumentPrintingTests.test_13_missing_credit) ... ok
test_14_missing_debit (test_document_printing.DocumentPrintingTests.test_14_missing_debit) ... ok
test_15_missing_receipt (test_document_printing.DocumentPrintingTests.test_15_missing_receipt) ... ok
test_16_missing_payment (test_document_printing.DocumentPrintingTests.test_16_missing_payment) ... ok
test_17_sales_title (test_document_printing.DocumentPrintingTests.test_17_sales_title) ... ok
test_18_counter_title (test_document_printing.DocumentPrintingTests.test_18_counter_title) ... ok
test_19_purchase_title (test_document_printing.DocumentPrintingTests.test_19_purchase_title) ... ok
test_20_credit_title (test_document_printing.DocumentPrintingTests.test_20_credit_title) ... ok
test_21_debit_title (test_document_printing.DocumentPrintingTests.test_21_debit_title) ... ok
test_22_receipt_title (test_document_printing.DocumentPrintingTests.test_22_receipt_title) ... ok
test_23_payment_title (test_document_printing.DocumentPrintingTests.test_23_payment_title) ... ok
test_24_sales_number (test_document_printing.DocumentPrintingTests.test_24_sales_number) ... ok
test_25_purchase_number (test_document_printing.DocumentPrintingTests.test_25_purchase_number) ... ok
test_26_credit_number (test_document_printing.DocumentPrintingTests.test_26_credit_number) ... ok
test_27_debit_number (test_document_printing.DocumentPrintingTests.test_27_debit_number) ... ok
test_28_receipt_number (test_document_printing.DocumentPrintingTests.test_28_receipt_number) ... ok
test_29_payment_number (test_document_printing.DocumentPrintingTests.test_29_payment_number) ... ok
test_30_sales_values (test_document_printing.DocumentPrintingTests.test_30_sales_values) ... ok
test_31_sales_expiry (test_document_printing.DocumentPrintingTests.test_31_sales_expiry) ... ok
test_32_sales_discount (test_document_printing.DocumentPrintingTests.test_32_sales_discount) ... ok
test_33_sales_roundoff (test_document_printing.DocumentPrintingTests.test_33_sales_roundoff) ... ok
test_34_sales_remarks (test_document_printing.DocumentPrintingTests.test_34_sales_remarks) ... ok
test_35_sales_party (test_document_printing.DocumentPrintingTests.test_35_sales_party) ... ok
test_36_sales_doctor (test_document_printing.DocumentPrintingTests.test_36_sales_doctor) ... ok
test_37_counter_stored_values (test_document_printing.DocumentPrintingTests.test_37_counter_stored_values) ... ok
test_38_counter_repeated (test_document_printing.DocumentPrintingTests.test_38_counter_repeated) ... ok
test_39_purchase_supplier (test_document_printing.DocumentPrintingTests.test_39_purchase_supplier) ... ok
test_40_purchase_invoice_no (test_document_printing.DocumentPrintingTests.test_40_purchase_invoice_no) ... ok
test_41_purchase_quantities (test_document_printing.DocumentPrintingTests.test_41_purchase_quantities) ... ok
test_42_purchase_batch (test_document_printing.DocumentPrintingTests.test_42_purchase_batch) ... ok
test_43_purchase_gst_percent (test_document_printing.DocumentPrintingTests.test_43_purchase_gst_percent) ... ok
test_44_purchase_gst_amount (test_document_printing.DocumentPrintingTests.test_44_purchase_gst_amount) ... ok
test_45_purchase_discount (test_document_printing.DocumentPrintingTests.test_45_purchase_discount) ... ok
test_46_purchase_totals (test_document_printing.DocumentPrintingTests.test_46_purchase_totals) ... ok
test_47_purchase_remarks (test_document_printing.DocumentPrintingTests.test_47_purchase_remarks) ... ok
test_48_credit_reason (test_document_printing.DocumentPrintingTests.test_48_credit_reason) ... ok
test_49_credit_quantity (test_document_printing.DocumentPrintingTests.test_49_credit_quantity) ... ok
test_50_credit_amount (test_document_printing.DocumentPrintingTests.test_50_credit_amount) ... ok
test_51_credit_remarks (test_document_printing.DocumentPrintingTests.test_51_credit_remarks) ... ok
test_52_debit_reason (test_document_printing.DocumentPrintingTests.test_52_debit_reason) ... ok
test_53_debit_quantity (test_document_printing.DocumentPrintingTests.test_53_debit_quantity) ... ok
test_54_debit_amount (test_document_printing.DocumentPrintingTests.test_54_debit_amount) ... ok
test_55_debit_remarks (test_document_printing.DocumentPrintingTests.test_55_debit_remarks) ... ok
test_56_receipt_customer (test_document_printing.DocumentPrintingTests.test_56_receipt_customer) ... ok
test_57_receipt_mode (test_document_printing.DocumentPrintingTests.test_57_receipt_mode) ... ok
test_58_receipt_amount (test_document_printing.DocumentPrintingTests.test_58_receipt_amount) ... ok
test_59_receipt_reference (test_document_printing.DocumentPrintingTests.test_59_receipt_reference) ... ok
test_60_receipt_remarks (test_document_printing.DocumentPrintingTests.test_60_receipt_remarks) ... ok
test_61_payment_supplier (test_document_printing.DocumentPrintingTests.test_61_payment_supplier) ... ok
test_62_payment_mode (test_document_printing.DocumentPrintingTests.test_62_payment_mode) ... ok
test_63_payment_amount (test_document_printing.DocumentPrintingTests.test_63_payment_amount) ... ok
test_64_payment_reference (test_document_printing.DocumentPrintingTests.test_64_payment_reference) ... ok
test_65_payment_remarks (test_document_printing.DocumentPrintingTests.test_65_payment_remarks) ... ok
test_66_read_only_sales (test_document_printing.DocumentPrintingTests.test_66_read_only_sales) ... ok
test_67_read_only_purchase (test_document_printing.DocumentPrintingTests.test_67_read_only_purchase) ... ok
test_68_read_only_notes (test_document_printing.DocumentPrintingTests.test_68_read_only_notes) ... ok
test_69_read_only_receipts (test_document_printing.DocumentPrintingTests.test_69_read_only_receipts) ... ok
test_70_repeated_generation_no_rows (test_document_printing.DocumentPrintingTests.test_70_repeated_generation_no_rows) ... ok
test_71_large_document_paginates (test_document_printing.DocumentPrintingTests.test_71_large_document_paginates) ... ok
test_72_plain_preview (test_document_printing.DocumentPrintingTests.test_72_plain_preview) ... ok
test_73_printer_unavailable_error (test_document_printing.DocumentPrintingTests.test_73_printer_unavailable_error) ... ok
test_74_no_mysql_reference (test_document_printing.DocumentPrintingTests.test_74_no_mysql_reference) ... ok
test_75_real_database_not_targeted (test_document_printing.DocumentPrintingTests.test_75_real_database_not_targeted) ... ok
test_01_empty_report (test_expiry_report.TestBasics.test_01_empty_report) ... ok
test_02_valid_future_batch (test_expiry_report.TestBasics.test_02_valid_future_batch) ... ok
test_03_expired_batch (test_expiry_report.TestBasics.test_03_expired_batch) ... ok
test_04_within_30_days (test_expiry_report.TestBasics.test_04_within_30_days) ... ok
test_05_within_60_days (test_expiry_report.TestBasics.test_05_within_60_days) ... ok
test_06_within_90_days (test_expiry_report.TestBasics.test_06_within_90_days) ... ok
test_07_beyond_selected_period (test_expiry_report.TestBasics.test_07_beyond_selected_period) ... ok
test_08_expired_excluded_from_expiring_soon (test_expiry_report.TestBasics.test_08_expired_excluded_from_expiring_soon) ... ok
test_19_multiple_batches_same_item (test_expiry_report.TestDetailChecks.test_19_multiple_batches_same_item) ... ok
test_20_multiple_companies (test_expiry_report.TestDetailChecks.test_20_multiple_companies) ... ok
test_21_expiry_ascending_sorting (test_expiry_report.TestDetailChecks.test_21_expiry_ascending_sorting) ... ok
test_22_summary_batch_count (test_expiry_report.TestDetailChecks.test_22_summary_batch_count) ... ok
test_23_summary_quantity (test_expiry_report.TestDetailChecks.test_23_summary_quantity) ... ok
test_24_summary_stock_value (test_expiry_report.TestDetailChecks.test_24_summary_stock_value) ... ok
test_25_current_stock_source_is_stock_batches (test_expiry_report.TestDetailChecks.test_25_current_stock_source_is_stock_batches) ... ok
test_12_item_filter (test_expiry_report.TestFilters.test_12_item_filter) ... ok
test_13_company_filter (test_expiry_report.TestFilters.test_13_company_filter) ... ok
test_14_batch_filter (test_expiry_report.TestFilters.test_14_batch_filter) ... ok
test_15_zero_stock_excluded_by_default (test_expiry_report.TestFilters.test_15_zero_stock_excluded_by_default) ... ok
test_16_include_zero_stock (test_expiry_report.TestFilters.test_16_include_zero_stock) ... ok
test_17_malformed_expiry (test_expiry_report.TestParsingSafety.test_17_malformed_expiry) ... ok
test_18_empty_expiry (test_expiry_report.TestParsingSafety.test_18_empty_expiry) ... ok
test_30_counter_sale_still_works (test_expiry_report.TestRegression.test_30_counter_sale_still_works) ... ok
test_31_purchase_still_works (test_expiry_report.TestRegression.test_31_purchase_still_works) ... ok
test_32_credit_note_still_works (test_expiry_report.TestRegression.test_32_credit_note_still_works) ... ok
test_33_debit_note_still_works (test_expiry_report.TestRegression.test_33_debit_note_still_works) ... ok
test_34_supplier_payment_still_works (test_expiry_report.TestRegression.test_34_supplier_payment_still_works) ... ok
test_35_customer_receipt_still_works (test_expiry_report.TestRegression.test_35_customer_receipt_still_works) ... ok
test_36_journal_entry_still_works (test_expiry_report.TestRegression.test_36_journal_entry_still_works) ... ok
test_37_trial_balance_still_works (test_expiry_report.TestRegression.test_37_trial_balance_still_works) ... ok
test_38_profit_loss_still_works (test_expiry_report.TestRegression.test_38_profit_loss_still_works) ... ok
test_39_balance_sheet_still_works (test_expiry_report.TestRegression.test_39_balance_sheet_still_works) ... ok
test_40_sales_report_still_works (test_expiry_report.TestRegression.test_40_sales_report_still_works) ... ok
test_41_purchase_report_still_works (test_expiry_report.TestRegression.test_41_purchase_report_still_works) ... ok
test_42_stock_master_still_works (test_expiry_report.TestRegression.test_42_stock_master_still_works) ... ok
test_43_all_master_screens_still_work (test_expiry_report.TestRegression.test_43_all_master_screens_still_work) ... ok
test_26_report_is_read_only (test_expiry_report.TestSafety.test_26_report_is_read_only) ... ok
test_27_purchase_data_unchanged (test_expiry_report.TestSafety.test_27_purchase_data_unchanged) ... ok
test_28_stock_data_unchanged (test_expiry_report.TestSafety.test_28_stock_data_unchanged) ... ok
test_29_persistence (test_expiry_report.TestSafety.test_29_persistence) ... ok
test_09_expired_filter (test_expiry_report.TestStatusFilters.test_09_expired_filter) ... ok
test_10_expiring_soon_filter (test_expiry_report.TestStatusFilters.test_10_expiring_soon_filter) ... ok
test_11_all_status (test_expiry_report.TestStatusFilters.test_11_all_status) ... ok
test_01_schema_exists (test_financial_year.FinancialYearTests.test_01_schema_exists) ... ok
test_02_schema_idempotent (test_financial_year.FinancialYearTests.test_02_schema_idempotent) ... ok
test_03_valid_fy (test_financial_year.FinancialYearTests.test_03_valid_fy) ... ok
test_04_invalid_start_format (test_financial_year.FinancialYearTests.test_04_invalid_start_format) ... ok
test_05_invalid_end_format (test_financial_year.FinancialYearTests.test_05_invalid_end_format) ... ok
test_06_start_before_end (test_financial_year.FinancialYearTests.test_06_start_before_end) ... ok
test_07_same_dates_rejected (test_financial_year.FinancialYearTests.test_07_same_dates_rejected) ... ok
test_08_empty_name_rejected (test_financial_year.FinancialYearTests.test_08_empty_name_rejected) ... ok
test_09_duplicate_name_rejected (test_financial_year.FinancialYearTests.test_09_duplicate_name_rejected) ... ok
test_10_overlap_rejected (test_financial_year.FinancialYearTests.test_10_overlap_rejected) ... ok
test_11_adjacent_allowed (test_financial_year.FinancialYearTests.test_11_adjacent_allowed) ... ok
test_12_inactive_default_creation (test_financial_year.FinancialYearTests.test_12_inactive_default_creation) ... ok
test_13_explicit_active_creation (test_financial_year.FinancialYearTests.test_13_explicit_active_creation) ... ok
test_14_only_one_active (test_financial_year.FinancialYearTests.test_14_only_one_active) ... ok
test_15_default_name (test_financial_year.FinancialYearTests.test_15_default_name) ... ok
test_16_default_start (test_financial_year.FinancialYearTests.test_16_default_start) ... ok
test_17_default_end (test_financial_year.FinancialYearTests.test_17_default_end) ... ok
test_18_default_active (test_financial_year.FinancialYearTests.test_18_default_active) ... ok
test_19_default_idempotent (test_financial_year.FinancialYearTests.test_19_default_idempotent) ... ok
test_20_default_does_not_recreate_db (test_financial_year.FinancialYearTests.test_20_default_does_not_recreate_db) ... ok
test_21_get_years (test_financial_year.FinancialYearTests.test_21_get_years) ... ok
test_22_get_by_id (test_financial_year.FinancialYearTests.test_22_get_by_id) ... ok
test_23_get_missing_id (test_financial_year.FinancialYearTests.test_23_get_missing_id) ... ok
test_24_get_active_empty (test_financial_year.FinancialYearTests.test_24_get_active_empty) ... ok
test_25_get_active (test_financial_year.FinancialYearTests.test_25_get_active) ... ok
test_26_switch_active (test_financial_year.FinancialYearTests.test_26_switch_active) ... ok
test_27_switch_invalid_id (test_financial_year.FinancialYearTests.test_27_switch_invalid_id) ... ok
test_28_switch_persists (test_financial_year.FinancialYearTests.test_28_switch_persists) ... ok
test_29_date_first_day (test_financial_year.FinancialYearTests.test_29_date_first_day) ... ok
test_30_date_last_day (test_financial_year.FinancialYearTests.test_30_date_last_day) ... ok
test_31_date_inside (test_financial_year.FinancialYearTests.test_31_date_inside) ... ok
test_32_date_before (test_financial_year.FinancialYearTests.test_32_date_before) ... ok
test_33_date_after (test_financial_year.FinancialYearTests.test_33_date_after) ... ok
test_34_date_lookup_inside (test_financial_year.FinancialYearTests.test_34_date_lookup_inside) ... ok
test_35_date_lookup_outside (test_financial_year.FinancialYearTests.test_35_date_lookup_outside) ... ok
test_36_active_range (test_financial_year.FinancialYearTests.test_36_active_range) ... ok
test_37_admin_can_create (test_financial_year.FinancialYearTests.test_37_admin_can_create) ... ok
test_38_staff_cannot_create (test_financial_year.FinancialYearTests.test_38_staff_cannot_create) ... ok
test_39_admin_can_switch (test_financial_year.FinancialYearTests.test_39_admin_can_switch) ... ok
test_40_staff_cannot_switch (test_financial_year.FinancialYearTests.test_40_staff_cannot_switch) ... ok
test_41_staff_can_view (test_financial_year.FinancialYearTests.test_41_staff_can_view) ... ok
test_42_auth_permission_only_admin (test_financial_year.FinancialYearTests.test_42_auth_permission_only_admin) ... ok
test_43_no_opening_entries (test_financial_year.FinancialYearTests.test_43_no_opening_entries) ... ok
test_44_switch_does_not_delete_companies (test_financial_year.FinancialYearTests.test_44_switch_does_not_delete_companies) ... ok
test_45_switch_does_not_delete_years (test_financial_year.FinancialYearTests.test_45_switch_does_not_delete_years) ... ok
test_46_transaction_data_preserved (test_financial_year.FinancialYearTests.test_46_transaction_data_preserved) ... ok
test_47_database_reopen_persistence (test_financial_year.FinancialYearTests.test_47_database_reopen_persistence) ... ok
test_48_invalid_date_lookup (test_financial_year.FinancialYearTests.test_48_invalid_date_lookup) ... ok
test_49_validation_overlap_boundary (test_financial_year.FinancialYearTests.test_49_validation_overlap_boundary) ... ok
test_50_active_unique_index (test_financial_year.FinancialYearTests.test_50_active_unique_index) ... ok
test_51_default_repeat_a (test_financial_year.FinancialYearTests.test_51_default_repeat_a) ... ok
test_52_default_repeat_b (test_financial_year.FinancialYearTests.test_52_default_repeat_b) ... ok
test_53_default_repeat_c (test_financial_year.FinancialYearTests.test_53_default_repeat_c) ... ok
test_54_range_order_a (test_financial_year.FinancialYearTests.test_54_range_order_a) ... ok
test_55_range_order_b (test_financial_year.FinancialYearTests.test_55_range_order_b) ... ok
test_56_range_order_c (test_financial_year.FinancialYearTests.test_56_range_order_c) ... ok
test_57_date_first_day_again (test_financial_year.FinancialYearTests.test_57_date_first_day_again) ... ok
test_58_date_last_day_again (test_financial_year.FinancialYearTests.test_58_date_last_day_again) ... ok
test_59_view_is_read_only (test_financial_year.FinancialYearTests.test_59_view_is_read_only) ... ok
test_60_years_are_list (test_financial_year.FinancialYearTests.test_60_years_are_list) ... ok
test_61_year_has_id (test_financial_year.FinancialYearTests.test_61_year_has_id) ... ok
test_62_year_has_created_at (test_financial_year.FinancialYearTests.test_62_year_has_created_at) ... ok
test_63_year_name_string (test_financial_year.FinancialYearTests.test_63_year_name_string) ... ok
test_64_start_string (test_financial_year.FinancialYearTests.test_64_start_string) ... ok
test_65_end_string (test_financial_year.FinancialYearTests.test_65_end_string) ... ok
test_66_active_boolean_value (test_financial_year.FinancialYearTests.test_66_active_boolean_value) ... ok
test_67_staff_view_again (test_financial_year.FinancialYearTests.test_67_staff_view_again) ... ok
test_68_admin_permission_name (test_financial_year.FinancialYearTests.test_68_admin_permission_name) ... ok
test_69_staff_permission_absent (test_financial_year.FinancialYearTests.test_69_staff_permission_absent) ... ok
test_70_admin_permission_present (test_financial_year.FinancialYearTests.test_70_admin_permission_present) ... ok
test_71_no_mysql (test_financial_year.FinancialYearTests.test_71_no_mysql) ... ok
test_72_temporary_db (test_financial_year.FinancialYearTests.test_72_temporary_db) ... ok
test_73_active_lookup_same (test_financial_year.FinancialYearTests.test_73_active_lookup_same) ... ok
test_74_preserve_master (test_financial_year.FinancialYearTests.test_74_preserve_master) ... ok
test_75_service_error_type (test_financial_year.FinancialYearTests.test_75_service_error_type) ... ok
test_01_empty_report (test_gst_report.TestBasics.test_01_empty_report) ... ok
test_02_single_purchase_gst (test_gst_report.TestBasics.test_02_single_purchase_gst) ... ok
test_03_multiple_purchases (test_gst_report.TestBasics.test_03_multiple_purchases) ... ok
test_04_multiple_items_one_purchase (test_gst_report.TestBasics.test_04_multiple_items_one_purchase) ... ok
test_05_date_from (test_gst_report.TestFilters.test_05_date_from) ... ok
test_06_date_to (test_gst_report.TestFilters.test_06_date_to) ... ok
test_07_supplier_filter (test_gst_report.TestFilters.test_07_supplier_filter) ... ok
test_08_item_filter (test_gst_report.TestFilters.test_08_item_filter) ... ok
test_09_company_filter (test_gst_report.TestFilters.test_09_company_filter) ... ok
test_10_gst_percent_filter (test_gst_report.TestFilters.test_10_gst_percent_filter) ... ok
test_11_invoice_no_filter (test_gst_report.TestFilters.test_11_invoice_no_filter) ... ok
test_12_voucher_no_filter (test_gst_report.TestFilters.test_12_voucher_no_filter) ... ok
test_20_edited_purchase_shows_current_values (test_gst_report.TestLifecycle.test_20_edited_purchase_shows_current_values) ... ok
test_21_deleted_purchase_not_shown (test_gst_report.TestLifecycle.test_21_deleted_purchase_not_shown) ... ok
test_22_persistence (test_gst_report.TestLifecycle.test_22_persistence) ... ok
test_28_counter_sale_still_works (test_gst_report.TestRegression.test_28_counter_sale_still_works) ... ok
test_29_credit_note_still_works (test_gst_report.TestRegression.test_29_credit_note_still_works) ... ok
test_30_debit_note_still_works (test_gst_report.TestRegression.test_30_debit_note_still_works) ... ok
test_31_supplier_payment_still_works (test_gst_report.TestRegression.test_31_supplier_payment_still_works) ... ok
test_32_customer_receipt_still_works (test_gst_report.TestRegression.test_32_customer_receipt_still_works) ... ok
test_33_journal_entry_still_works (test_gst_report.TestRegression.test_33_journal_entry_still_works) ... ok
test_34_trial_balance_still_works (test_gst_report.TestRegression.test_34_trial_balance_still_works) ... ok
test_35_profit_loss_still_works (test_gst_report.TestRegression.test_35_profit_loss_still_works) ... ok
test_36_balance_sheet_still_works (test_gst_report.TestRegression.test_36_balance_sheet_still_works) ... ok
test_37_stock_master_still_works (test_gst_report.TestRegression.test_37_stock_master_still_works) ... ok
test_38_sales_report_still_works (test_gst_report.TestRegression.test_38_sales_report_still_works) ... ok
test_39_purchase_report_still_works (test_gst_report.TestRegression.test_39_purchase_report_still_works) ... ok
test_40_all_master_screens_still_work (test_gst_report.TestRegression.test_40_all_master_screens_still_work) ... ok
test_41_all_report_daos_still_work (test_gst_report.TestRegression.test_41_all_report_daos_still_work) ... ok
test_23_report_is_read_only (test_gst_report.TestSafety.test_23_report_is_read_only) ... ok
test_24_no_invented_gst_values (test_gst_report.TestSafety.test_24_no_invented_gst_values)
GST amounts come only from stored line data, never invented. ... ok
test_25_no_gst_when_zero_rate (test_gst_report.TestSafety.test_25_no_gst_when_zero_rate)
Lines with gst_percent=0 should show 0 GST, not invented. ... ok
test_26_purchase_posting_unchanged (test_gst_report.TestSafety.test_26_purchase_posting_unchanged) ... ok
test_27_stock_unchanged (test_gst_report.TestSafety.test_27_stock_unchanged) ... ok
test_screen_instantiates (test_gst_report.TestScreen.test_screen_instantiates) ... ok
test_13_totals_single_invoice (test_gst_report.TestTotalsAndRateSummary.test_13_totals_single_invoice) ... ok
test_14_totals_multi_line_invoice (test_gst_report.TestTotalsAndRateSummary.test_14_totals_multi_line_invoice) ... ok
test_15_rate_summary_groups_by_gst_percent (test_gst_report.TestTotalsAndRateSummary.test_15_rate_summary_groups_by_gst_percent) ... ok
test_16_rate_summary_empty (test_gst_report.TestTotalsAndRateSummary.test_16_rate_summary_empty) ... ok
test_17_rate_summary_with_filters (test_gst_report.TestTotalsAndRateSummary.test_17_rate_summary_with_filters) ... ok
test_18_multiple_suppliers (test_gst_report.TestTotalsAndRateSummary.test_18_multiple_suppliers) ... ok
test_19_multiple_gst_rates (test_gst_report.TestTotalsAndRateSummary.test_19_multiple_gst_rates) ... ok
test_46_admin_can_hold (test_hold_bill.TestAuth.test_46_admin_can_hold) ... ok
test_47_staff_can_hold (test_hold_bill.TestAuth.test_47_staff_can_hold) ... ok
test_48_hold_number_format (test_hold_bill.TestAuth.test_48_hold_number_format) ... ok
test_49_hold_number_sequential (test_hold_bill.TestAuth.test_49_hold_number_sequential) ... ok
test_27_hold_to_complete_creates_one_sale (test_hold_bill.TestCompletion.test_27_hold_to_complete_creates_one_sale) ... ok
test_28_one_stock_effect (test_hold_bill.TestCompletion.test_28_one_stock_effect) ... ok
test_29_one_accounting_effect (test_hold_bill.TestCompletion.test_29_one_accounting_effect) ... ok
test_30_hold_status_updates_on_complete (test_hold_bill.TestCompletion.test_30_hold_status_updates_on_complete) ... ok
test_31_no_duplicate_sale_on_resume_then_complete (test_hold_bill.TestCompletion.test_31_no_duplicate_sale_on_resume_then_complete) ... ok
test_32_stock_reduced_exactly_once (test_hold_bill.TestCompletion.test_32_stock_reduced_exactly_once) ... ok
test_33_accounting_posting_is_atomic (test_hold_bill.TestCompletion.test_33_accounting_posting_is_atomic) ... ok
test_01_create_hold_single_item (test_hold_bill.TestCreation.test_01_create_hold_single_item) ... ok
test_02_create_hold_multiple_items (test_hold_bill.TestCreation.test_02_create_hold_multiple_items) ... ok
test_03_create_hold_with_customer (test_hold_bill.TestCreation.test_03_create_hold_with_customer) ... ok
test_04_create_hold_with_patient_name (test_hold_bill.TestCreation.test_04_create_hold_with_patient_name) ... ok
test_05_create_hold_with_doctor (test_hold_bill.TestCreation.test_05_create_hold_with_doctor) ... ok
test_06_hold_number_is_unique (test_hold_bill.TestCreation.test_06_hold_number_is_unique) ... ok
test_07_hold_stores_all_item_fields (test_hold_bill.TestCreation.test_07_hold_stores_all_item_fields) ... ok
test_34_discard_hold (test_hold_bill.TestDelete.test_34_discard_hold) ... ok
test_35_discard_prevents_double_delete (test_hold_bill.TestDelete.test_35_discard_prevents_double_delete) ... ok
test_36_no_accounting_on_discard (test_hold_bill.TestDelete.test_36_no_accounting_on_discard) ... ok
test_37_no_stock_effect_on_discard (test_hold_bill.TestDelete.test_37_no_stock_effect_on_discard) ... ok
test_38_discard_leaves_other_holds_intact (test_hold_bill.TestDelete.test_38_discard_leaves_other_holds_intact) ... ok
test_39_discard_status_update (test_hold_bill.TestDelete.test_39_discard_status_update) ... ok
test_50_hold_date_is_valid (test_hold_bill.TestFinancialYear.test_50_hold_date_is_valid) ... ok
test_51_no_accounting_entry_until_complete (test_hold_bill.TestFinancialYear.test_51_no_accounting_entry_until_complete) ... ok
test_52_hold_date_not_in_ledger (test_hold_bill.TestFinancialYear.test_52_hold_date_not_in_ledger) ... ok
test_40_isolated_records (test_hold_bill.TestMultipleHolds.test_40_isolated_records) ... ok
test_41_deleting_one_does_not_affect_another (test_hold_bill.TestMultipleHolds.test_41_deleting_one_does_not_affect_another) ... ok
test_42_multiple_holds_coexist (test_hold_bill.TestMultipleHolds.test_42_multiple_holds_coexist) ... ok
test_43_count_active (test_hold_bill.TestMultipleHolds.test_43_count_active) ... ok
test_12_no_sales_invoice_created (test_hold_bill.TestNoSideEffects.test_12_no_sales_invoice_created) ... ok
test_13_no_stock_reduction (test_hold_bill.TestNoSideEffects.test_13_no_stock_reduction) ... ok
test_14_no_ledger_transaction (test_hold_bill.TestNoSideEffects.test_14_no_ledger_transaction) ... ok
test_15_no_posting_engine_call (test_hold_bill.TestNoSideEffects.test_15_no_posting_engine_call) ... ok
test_16_no_trial_balance_effect (test_hold_bill.TestNoSideEffects.test_16_no_trial_balance_effect) ... ok
test_17_no_profit_loss_effect (test_hold_bill.TestNoSideEffects.test_17_no_profit_loss_effect) ... ok
test_44_hold_survives_db_close (test_hold_bill.TestPersistence.test_44_hold_survives_db_close) ... ok
test_45_hold_items_survive_db_close (test_hold_bill.TestPersistence.test_45_hold_items_survive_db_close) ... ok
test_53_holding_does_not_change_balances (test_hold_bill.TestReadOnlySideEffects.test_53_holding_does_not_change_balances) ... ok
test_54_resuming_does_not_change_balances (test_hold_bill.TestReadOnlySideEffects.test_54_resuming_does_not_change_balances) ... ok
test_55_discarding_does_not_change_balances (test_hold_bill.TestReadOnlySideEffects.test_55_discarding_does_not_change_balances) ... ok
test_56_stock_unchanged_through_hold_lifecycle (test_hold_bill.TestReadOnlySideEffects.test_56_stock_unchanged_through_hold_lifecycle) ... ok
test_57_sales_bill_unchanged (test_hold_bill.TestRegression.test_57_sales_bill_unchanged) ... ok
test_58_counter_sale_still_works (test_hold_bill.TestRegression.test_58_counter_sale_still_works) ... ok
test_59_stock_master_unchanged (test_hold_bill.TestRegression.test_59_stock_master_unchanged) ... ok
test_60_posting_engine_unchanged (test_hold_bill.TestRegression.test_60_posting_engine_unchanged) ... ok
test_61_all_master_screens_still_work (test_hold_bill.TestRegression.test_61_all_master_screens_still_work) ... ok
test_62_financial_year_unchanged (test_hold_bill.TestRegression.test_62_financial_year_unchanged) ... ok
test_63_purchase_unaffected (test_hold_bill.TestRegression.test_63_purchase_unaffected) ... ok
test_64_hold_bill_tables_created (test_hold_bill.TestRegression.test_64_hold_bill_tables_created) ... ok
test_65_complete_lifecycle (test_hold_bill.TestRegression.test_65_complete_lifecycle) ... ok
test_18_resume_loads_items (test_hold_bill.TestResume.test_18_resume_loads_items) ... ok
test_19_resume_multiple_items (test_hold_bill.TestResume.test_19_resume_multiple_items) ... ok
test_20_expired_batch_detection (test_hold_bill.TestResume.test_20_expired_batch_detection) ... ok
test_21_missing_batch_detection (test_hold_bill.TestResume.test_21_missing_batch_detection) ... ok
test_22_insufficient_stock_detection (test_hold_bill.TestResume.test_22_insufficient_stock_detection) ... ok
test_23_missing_item_detection (test_hold_bill.TestResume.test_23_missing_item_detection) ... ok
test_24_resume_status_update (test_hold_bill.TestResume.test_24_resume_status_update) ... ok
test_25_resume_only_active_holds (test_hold_bill.TestResume.test_25_resume_only_active_holds) ... ok
test_26_hold_items_include_item_name (test_hold_bill.TestResume.test_26_hold_items_include_item_name) ... ok
test_08_hold_persists_in_database (test_hold_bill.TestStorage.test_08_hold_persists_in_database) ... ok
test_09_get_all_returns_holds (test_hold_bill.TestStorage.test_09_get_all_returns_holds) ... ok
test_10_get_by_id_returns_correct_hold (test_hold_bill.TestStorage.test_10_get_by_id_returns_correct_hold) ... ok
test_11_hold_items_ordering_preserved (test_hold_bill.TestStorage.test_11_hold_items_ordering_preserved) ... ok
test_01_csv_basic (test_import_service.ImportServiceTests.test_01_csv_basic) ... ok
test_02_csv_utf8 (test_import_service.ImportServiceTests.test_02_csv_utf8) ... ok
test_03_csv_bom (test_import_service.ImportServiceTests.test_03_csv_bom) ... ok
test_04_csv_quoted_fields (test_import_service.ImportServiceTests.test_04_csv_quoted_fields) ... ok
test_05_csv_empty_rows (test_import_service.ImportServiceTests.test_05_csv_empty_rows) ... ok
test_06_csv_malformed_row (test_import_service.ImportServiceTests.test_06_csv_malformed_row) ... ok
test_07_csv_missing_file (test_import_service.ImportServiceTests.test_07_csv_missing_file) ... ok
test_08_csv_unsupported_encoding (test_import_service.ImportServiceTests.test_08_csv_unsupported_encoding) ... ok
test_09_xlsx_reading (test_import_service.ImportServiceTests.test_09_xlsx_reading) ... ok
test_10_xlsx_multiple_sheets (test_import_service.ImportServiceTests.test_10_xlsx_multiple_sheets) ... ok
test_11_xlsx_selected_sheet (test_import_service.ImportServiceTests.test_11_xlsx_selected_sheet) ... ok
test_12_xlsx_missing_sheet (test_import_service.ImportServiceTests.test_12_xlsx_missing_sheet) ... ok
test_13_xlsx_malformed_workbook (test_import_service.ImportServiceTests.test_13_xlsx_malformed_workbook) ... ok
test_14_xls_limitation (test_import_service.ImportServiceTests.test_14_xls_limitation) ... ok
test_15_inspect_csv (test_import_service.ImportServiceTests.test_15_inspect_csv) ... ok
test_16_detect_case_insensitive (test_import_service.ImportServiceTests.test_16_detect_case_insensitive) ... ok
test_17_detect_alias (test_import_service.ImportServiceTests.test_17_detect_alias) ... ok
test_18_manual_mapping (test_import_service.ImportServiceTests.test_18_manual_mapping) ... ok
test_19_unmapped_columns (test_import_service.ImportServiceTests.test_19_unmapped_columns) ... ok
test_20_preview_counts (test_import_service.ImportServiceTests.test_20_preview_counts) ... ok
test_21_preview_read_only (test_import_service.ImportServiceTests.test_21_preview_read_only) ... ok
test_22_required_field (test_import_service.ImportServiceTests.test_22_required_field) ... ok
test_23_numeric_validation (test_import_service.ImportServiceTests.test_23_numeric_validation) ... ok
test_24_integer_validation (test_import_service.ImportServiceTests.test_24_integer_validation) ... ok
test_25_boolean_validation (test_import_service.ImportServiceTests.test_25_boolean_validation) ... ok
test_26_blank_rows (test_import_service.ImportServiceTests.test_26_blank_rows) ... ok
test_27_duplicate_file_rows (test_import_service.ImportServiceTests.test_27_duplicate_file_rows) ... ok
test_28_missing_company_reference (test_import_service.ImportServiceTests.test_28_missing_company_reference) ... ok
test_29_missing_unit_reference (test_import_service.ImportServiceTests.test_29_missing_unit_reference) ... ok
test_30_missing_drug_reference (test_import_service.ImportServiceTests.test_30_missing_drug_reference) ... ok
test_31_company_import (test_import_service.ImportServiceTests.test_31_company_import) ... ok
test_32_unit_import (test_import_service.ImportServiceTests.test_32_unit_import) ... ok
test_33_drug_import (test_import_service.ImportServiceTests.test_33_drug_import) ... ok
test_34_supplier_import (test_import_service.ImportServiceTests.test_34_supplier_import) ... ok
test_35_customer_import (test_import_service.ImportServiceTests.test_35_customer_import) ... ok
test_36_doctor_import (test_import_service.ImportServiceTests.test_36_doctor_import) ... ok
test_37_item_import (test_import_service.ImportServiceTests.test_37_item_import) ... ok
test_38_supplier_ledger_created (test_import_service.ImportServiceTests.test_38_supplier_ledger_created) ... ok
test_39_customer_ledger_created (test_import_service.ImportServiceTests.test_39_customer_ledger_created) ... ok
test_40_item_ingredient_import (test_import_service.ImportServiceTests.test_40_item_ingredient_import) ... ok
test_41_duplicate_skip (test_import_service.ImportServiceTests.test_41_duplicate_skip) ... ok
test_42_duplicate_update (test_import_service.ImportServiceTests.test_42_duplicate_update) ... ok
test_43_duplicate_cancel (test_import_service.ImportServiceTests.test_43_duplicate_cancel) ... ok
test_44_confirmation_required (test_import_service.ImportServiceTests.test_44_confirmation_required) ... ok
test_45_validation_blocks_import (test_import_service.ImportServiceTests.test_45_validation_blocks_import) ... ok
test_46_atomic_rollback (test_import_service.ImportServiceTests.test_46_atomic_rollback) ... ok
test_47_import_commit (test_import_service.ImportServiceTests.test_47_import_commit) ... ok
test_48_persistence_after_reopen (test_import_service.ImportServiceTests.test_48_persistence_after_reopen) ... ok
test_49_template_csv (test_import_service.ImportServiceTests.test_49_template_csv) ... ok
test_50_template_xlsx (test_import_service.ImportServiceTests.test_50_template_xlsx) ... ok
test_51_template_no_write (test_import_service.ImportServiceTests.test_51_template_no_write) ... ok
test_52_template_all_masters (test_import_service.ImportServiceTests.test_52_template_all_masters) ... ok
test_53_audit_history (test_import_service.ImportServiceTests.test_53_audit_history) ... ok
test_54_report (test_import_service.ImportServiceTests.test_54_report) ... ok
test_55_normalize_value (test_import_service.ImportServiceTests.test_55_normalize_value) ... ok
test_56_invalid_master (test_import_service.ImportServiceTests.test_56_invalid_master) ... ok
test_57_invalid_extension (test_import_service.ImportServiceTests.test_57_invalid_extension) ... ok
test_58_case_insensitive_reference (test_import_service.ImportServiceTests.test_58_case_insensitive_reference) ... ok
test_59_numeric_values_persist (test_import_service.ImportServiceTests.test_59_numeric_values_persist) ... ok
test_60_empty_optional_values_default (test_import_service.ImportServiceTests.test_60_empty_optional_values_default) ... ok
test_61_no_legacy_database_access (test_import_service.ImportServiceTests.test_61_no_legacy_database_access) ... ok
test_62_history_contains_counts (test_import_service.ImportServiceTests.test_62_history_contains_counts) ... ok
test_63_history_empty_is_readable (test_import_service.ImportServiceTests.test_63_history_empty_is_readable) ... ok
test_64_history_multiple_records (test_import_service.ImportServiceTests.test_64_history_multiple_records) ... ok
test_65_history_contents_include_filename_and_counts (test_import_service.ImportServiceTests.test_65_history_contents_include_filename_and_counts) ... ok
test_66_mapping_reports_mapped_and_unmapped_columns (test_import_service.ImportServiceTests.test_66_mapping_reports_mapped_and_unmapped_columns) ... ok
test_67_required_target_missing_is_reported (test_import_service.ImportServiceTests.test_67_required_target_missing_is_reported) ... ok
test_68_manual_mapping_after_auto_map (test_import_service.ImportServiceTests.test_68_manual_mapping_after_auto_map) ... ok
test_69_preview_mapping_remains_read_only (test_import_service.ImportServiceTests.test_69_preview_mapping_remains_read_only) ... ok
test_01_create_balanced_entry (test_journal_entry.TestJEBasicCRUD.test_01_create_balanced_entry) ... ok
test_02_voucher_number_auto_increment (test_journal_entry.TestJEBasicCRUD.test_02_voucher_number_auto_increment) ... ok
test_03_verify_history (test_journal_entry.TestJEBasicCRUD.test_03_verify_history) ... ok
test_04_verify_journal_lines (test_journal_entry.TestJEBasicCRUD.test_04_verify_journal_lines) ... ok
test_05_edit_entry (test_journal_entry.TestJEBasicCRUD.test_05_edit_entry) ... ok
test_20_persistence_restart (test_journal_entry.TestJECrossModule.test_20_persistence_restart) ... ok
test_21_account_ledger_still_works (test_journal_entry.TestJECrossModule.test_21_account_ledger_still_works) ... ok
test_22_customer_receipt_still_works (test_journal_entry.TestJECrossModule.test_22_customer_receipt_still_works) ... ok
test_23_supplier_payment_still_works (test_journal_entry.TestJECrossModule.test_23_supplier_payment_still_works) ... ok
test_24_purchase_still_works (test_journal_entry.TestJECrossModule.test_24_purchase_still_works) ... ok
test_25_counter_sale_still_works (test_journal_entry.TestJECrossModule.test_25_counter_sale_still_works) ... ok
test_26_credit_note_still_works (test_journal_entry.TestJECrossModule.test_26_credit_note_still_works) ... ok
test_27_debit_note_still_works (test_journal_entry.TestJECrossModule.test_27_debit_note_still_works) ... ok
test_28_stock_master_still_works (test_journal_entry.TestJECrossModule.test_28_stock_master_still_works) ... ok
test_29_all_master_screens_still_work (test_journal_entry.TestJECrossModule.test_29_all_master_screens_still_work) ... ok
test_14_edit_voucher_unchanged (test_journal_entry.TestJEEditDelete.test_14_edit_voucher_unchanged) ... ok
test_15_delete_entry (test_journal_entry.TestJEEditDelete.test_15_delete_entry) ... ok
test_16_duplicate_voucher_protection (test_journal_entry.TestJEEditDelete.test_16_duplicate_voucher_protection) ... ok
test_17_persistence_across_connections (test_journal_entry.TestJEEditDelete.test_17_persistence_across_connections) ... ok
test_18_date_filtering (test_journal_entry.TestJEFiltering.test_18_date_filtering) ... ok
test_19_voucher_filtering (test_journal_entry.TestJEFiltering.test_19_voucher_filtering) ... ok
test_06_multiple_debit_lines (test_journal_entry.TestJEMultiLines.test_06_multiple_debit_lines) ... ok
test_07_multiple_credit_lines (test_journal_entry.TestJEMultiLines.test_07_multiple_credit_lines) ... ok
test_08_balanced_multi_line (test_journal_entry.TestJEMultiLines.test_08_balanced_multi_line) ... ok
test_09_reject_unbalanced_entry (test_journal_entry.TestJEValidation.test_09_reject_unbalanced_entry) ... ok
test_10_reject_zero_total (test_journal_entry.TestJEValidation.test_10_reject_zero_total) ... ok
test_11_reject_both_debit_and_credit (test_journal_entry.TestJEValidation.test_11_reject_both_debit_and_credit) ... ok
test_12_reject_neither_debit_nor_credit (test_journal_entry.TestJEValidation.test_12_reject_neither_debit_nor_credit) ... ok
test_13_reject_missing_ledger (test_journal_entry.TestJEValidation.test_13_reject_missing_ledger) ... ok
test_06_debit_total_correct (test_journal_entry_posting.TestBalancedPosting.test_06_debit_total_correct) ... ok
test_07_credit_total_correct (test_journal_entry_posting.TestBalancedPosting.test_07_credit_total_correct) ... ok
test_08_multi_line_balanced (test_journal_entry_posting.TestBalancedPosting.test_08_multi_line_balanced) ... ok
test_09_only_two_ledgers_in_simple_entry (test_journal_entry_posting.TestBalancedPosting.test_09_only_two_ledgers_in_simple_entry) ... ok
test_26_delete_reverses_accounting (test_journal_entry_posting.TestDelete.test_26_delete_reverses_accounting) ... ok
test_27_no_active_effect_after_delete (test_journal_entry_posting.TestDelete.test_27_no_active_effect_after_delete) ... ok
test_28_reversal_rows_remain (test_journal_entry_posting.TestDelete.test_28_reversal_rows_remain) ... ok
test_15_duplicate_posting_refused (test_journal_entry_posting.TestDuplicatePrevention.test_15_duplicate_posting_refused) ... ok
test_19_edit_amount (test_journal_entry_posting.TestEditAndRepost.test_19_edit_amount) ... ok
test_20_old_posting_reversed (test_journal_entry_posting.TestEditAndRepost.test_20_old_posting_reversed) ... ok
test_21_edit_ledger (test_journal_entry_posting.TestEditAndRepost.test_21_edit_ledger) ... ok
test_22_add_line (test_journal_entry_posting.TestEditAndRepost.test_22_add_line) ... ok
test_23_remove_line (test_journal_entry_posting.TestEditAndRepost.test_23_remove_line) ... ok
test_24_voucher_number_unchanged (test_journal_entry_posting.TestEditAndRepost.test_24_voucher_number_unchanged) ... ok
test_32_failure_during_posting_rolls_back (test_journal_entry_posting.TestFailureRollback.test_32_failure_during_posting_rolls_back) ... ok
test_33_failure_after_update_rolls_back (test_journal_entry_posting.TestFailureRollback.test_33_failure_after_update_rolls_back) ... ok
test_29_missing_ledger_fails_safely (test_journal_entry_posting.TestFailureSafety.test_29_missing_ledger_fails_safely) ... ok
test_30_invalid_journal_rejected (test_journal_entry_posting.TestFailureSafety.test_30_invalid_journal_rejected) ... ok
test_31_unbalanced_journal_rejected (test_journal_entry_posting.TestFailureSafety.test_31_unbalanced_journal_rejected) ... ok
test_25_posting_identity_preserved (test_journal_entry_posting.TestIdempotency.test_25_posting_identity_preserved) ... ok
test_10_correct_ledger_per_line (test_journal_entry_posting.TestLedgerVerification.test_10_correct_ledger_per_line) ... ok
test_11_transaction_visible_via_ledger_dao (test_journal_entry_posting.TestLedgerVerification.test_11_transaction_visible_via_ledger_dao) ... ok
test_12_balance_reflects_posting (test_journal_entry_posting.TestLedgerVerification.test_12_balance_reflects_posting) ... ok
test_34_fresh_connection_reads_posting (test_journal_entry_posting.TestPersistence.test_34_fresh_connection_reads_posting) ... ok
test_35_ledger_dao_shows_transactions (test_journal_entry_posting.TestPersistence.test_35_ledger_dao_shows_transactions) ... ok
test_36_multiple_entries_cumulate (test_journal_entry_posting.TestPersistence.test_36_multiple_entries_cumulate) ... ok
test_13_reference_type_and_id (test_journal_entry_posting.TestReferenceIdentity.test_13_reference_type_and_id) ... ok
test_14_voucher_type_label (test_journal_entry_posting.TestReferenceIdentity.test_14_voucher_type_label) ... ok
test_37_customer_receipt_still_works (test_journal_entry_posting.TestRegression.test_37_customer_receipt_still_works) ... ok
test_38_supplier_payment_still_works (test_journal_entry_posting.TestRegression.test_38_supplier_payment_still_works) ... ok
test_39_counter_sale_still_works (test_journal_entry_posting.TestRegression.test_39_counter_sale_still_works) ... ok
test_40_purchase_still_works (test_journal_entry_posting.TestRegression.test_40_purchase_still_works) ... ok
test_41_credit_note_still_works (test_journal_entry_posting.TestRegression.test_41_credit_note_still_works) ... ok
test_42_debit_note_still_works (test_journal_entry_posting.TestRegression.test_42_debit_note_still_works) ... ok
test_43_all_master_screens_still_work (test_journal_entry_posting.TestRegression.test_43_all_master_screens_still_work) ... ok
test_16_reversal_creates_mirrored_rows (test_journal_entry_posting.TestReversal.test_16_reversal_creates_mirrored_rows) ... ok
test_17_reversal_voucher_type (test_journal_entry_posting.TestReversal.test_17_reversal_voucher_type) ... ok
test_18_net_becomes_zero_after_reversal (test_journal_entry_posting.TestReversal.test_18_net_becomes_zero_after_reversal) ... ok
test_01_creates_posting_rows (test_journal_entry_posting.TestSetupAndPosting.test_01_creates_posting_rows) ... ok
test_02_debit_line_maps_correctly (test_journal_entry_posting.TestSetupAndPosting.test_02_debit_line_maps_correctly) ... ok
test_03_credit_line_maps_correctly (test_journal_entry_posting.TestSetupAndPosting.test_03_credit_line_maps_correctly) ... ok
test_04_voucher_number_correct (test_journal_entry_posting.TestSetupAndPosting.test_04_voucher_number_correct) ... ok
test_05_descriptions_from_journal_lines (test_journal_entry_posting.TestSetupAndPosting.test_05_descriptions_from_journal_lines) ... ok
test_17_company_master_works (test_ledger_mapping.TestCrossModule.test_17_company_master_works) ... ok
test_18_unit_master_works (test_ledger_mapping.TestCrossModule.test_18_unit_master_works) ... ok
test_19_drug_master_works (test_ledger_mapping.TestCrossModule.test_19_drug_master_works) ... ok
test_20_item_master_works (test_ledger_mapping.TestCrossModule.test_20_item_master_works) ... ok
test_21_purchase_works (test_ledger_mapping.TestCrossModule.test_21_purchase_works) ... ok
test_22_counter_sale_works (test_ledger_mapping.TestCrossModule.test_22_counter_sale_works) ... ok
test_23_credit_note_works (test_ledger_mapping.TestCrossModule.test_23_credit_note_works) ... ok
test_24_debit_note_works (test_ledger_mapping.TestCrossModule.test_24_debit_note_works) ... ok
test_25_supplier_payment_works (test_ledger_mapping.TestCrossModule.test_25_supplier_payment_works) ... ok
test_26_customer_receipt_works (test_ledger_mapping.TestCrossModule.test_26_customer_receipt_works) ... ok
test_27_journal_entry_works (test_ledger_mapping.TestCrossModule.test_27_journal_entry_works) ... ok
test_28_account_ledger_works (test_ledger_mapping.TestCrossModule.test_28_account_ledger_works) ... ok
test_29_stock_master_works (test_ledger_mapping.TestCrossModule.test_29_stock_master_works) ... ok
test_30_get_ledger_id (test_ledger_mapping.TestCustomerLedgerMapping.test_30_get_ledger_id) ... ok
test_31_get_customer_by_ledger (test_ledger_mapping.TestCustomerLedgerMapping.test_31_get_customer_by_ledger) ... ok
test_32_get_ledger_id_returns_none_for_missing (test_ledger_mapping.TestCustomerLedgerMapping.test_32_get_ledger_id_returns_none_for_missing) ... ok
test_33_get_customer_by_ledger_returns_none (test_ledger_mapping.TestCustomerLedgerMapping.test_33_get_customer_by_ledger_returns_none) ... ok
test_15_customer_delete_no_ledger_with_transactions (test_ledger_mapping.TestDeletionSafety.test_15_customer_delete_no_ledger_with_transactions) ... ok
test_16_supplier_delete_no_ledger_with_transactions (test_ledger_mapping.TestDeletionSafety.test_16_supplier_delete_no_ledger_with_transactions) ... ok
test_38_customer_balance_still_works (test_ledger_mapping.TestLegacyBalanceMethods.test_38_customer_balance_still_works) ... ok
test_39_supplier_balance_still_works (test_ledger_mapping.TestLegacyBalanceMethods.test_39_supplier_balance_still_works) ... ok
test_40_customer_balance_after_sale (test_ledger_mapping.TestLegacyBalanceMethods.test_40_customer_balance_after_sale) ... ok
test_41_supplier_balance_after_purchase (test_ledger_mapping.TestLegacyBalanceMethods.test_41_supplier_balance_after_purchase) ... ok
test_42_all_master_screens_still_work (test_ledger_mapping.TestLegacyBalanceMethods.test_42_all_master_screens_still_work) ... ok
test_01_existing_customer_receives_one_ledger (test_ledger_mapping.TestMigration.test_01_existing_customer_receives_one_ledger) ... ok
test_02_existing_supplier_receives_one_ledger (test_ledger_mapping.TestMigration.test_02_existing_supplier_receives_one_ledger) ... ok
test_03_existing_linked_records_not_duplicated (test_ledger_mapping.TestMigration.test_03_existing_linked_records_not_duplicated) ... ok
test_04_new_customer_auto_creates_ledger (test_ledger_mapping.TestMigration.test_04_new_customer_auto_creates_ledger) ... ok
test_05_new_supplier_auto_creates_ledger (test_ledger_mapping.TestMigration.test_05_new_supplier_auto_creates_ledger) ... ok
test_06_edit_customer_no_second_ledger (test_ledger_mapping.TestMigration.test_06_edit_customer_no_second_ledger) ... ok
test_07_edit_supplier_no_second_ledger (test_ledger_mapping.TestMigration.test_07_edit_supplier_no_second_ledger) ... ok
test_08_customer_ledger_id_persists (test_ledger_mapping.TestMigration.test_08_customer_ledger_id_persists) ... ok
test_09_supplier_ledger_id_persists (test_ledger_mapping.TestMigration.test_09_supplier_ledger_id_persists) ... ok
test_10_customer_opening_balance_migrates (test_ledger_mapping.TestMigration.test_10_customer_opening_balance_migrates) ... ok
test_11_supplier_opening_balance_migrates (test_ledger_mapping.TestMigration.test_11_supplier_opening_balance_migrates) ... ok
test_12_ledger_opening_balance_correct (test_ledger_mapping.TestMigration.test_12_ledger_opening_balance_correct) ... ok
test_13_migration_safe_when_run_twice (test_ledger_mapping.TestMigration.test_13_migration_safe_when_run_twice) ... ok
test_14_migration_no_duplicate_ledgers (test_ledger_mapping.TestMigration.test_14_migration_no_duplicate_ledgers) ... ok
test_34_get_ledger_id (test_ledger_mapping.TestSupplierLedgerMapping.test_34_get_ledger_id) ... ok
test_35_get_supplier_by_ledger (test_ledger_mapping.TestSupplierLedgerMapping.test_35_get_supplier_by_ledger) ... ok
test_36_get_ledger_id_returns_none_for_missing (test_ledger_mapping.TestSupplierLedgerMapping.test_36_get_ledger_id_returns_none_for_missing) ... ok
test_37_get_supplier_by_ledger_returns_none (test_ledger_mapping.TestSupplierLedgerMapping.test_37_get_supplier_by_ledger_returns_none) ... ok
test_175_legacy_password_hashes_never_imported (test_legacy_migration.AuthMigrationTests.test_175_legacy_password_hashes_never_imported) ... ok
test_176_legacy_usernames_not_imported_by_default (test_legacy_migration.AuthMigrationTests.test_176_legacy_usernames_not_imported_by_default) ... ok
test_177_legacy_usernames_opt_in_inactive (test_legacy_migration.AuthMigrationTests.test_177_legacy_usernames_opt_in_inactive) ... ok
test_178_role_mapping_uses_existing_roles (test_legacy_migration.AuthMigrationTests.test_178_role_mapping_uses_existing_roles) ... ok
test_179_existing_admin_untouched_by_opt_in (test_legacy_migration.AuthMigrationTests.test_179_existing_admin_untouched_by_opt_in) ... ok
test_180_admin_login_still_works_after_import (test_legacy_migration.AuthMigrationTests.test_180_admin_login_still_works_after_import) ... ok
test_181_new_staff_user_can_be_created_after_import (test_legacy_migration.AuthMigrationTests.test_181_new_staff_user_can_be_created_after_import) ... ok
test_46_demo_tables_marked (test_legacy_migration.DryRunPlanTests.test_46_demo_tables_marked) ... ok
test_47_demo_rows_counted (test_legacy_migration.DryRunPlanTests.test_47_demo_rows_counted) ... ok
test_48_demo_rows_not_in_totals (test_legacy_migration.DryRunPlanTests.test_48_demo_rows_not_in_totals) ... ok
test_49_unsupported_tables_flagged (test_legacy_migration.DryRunPlanTests.test_49_unsupported_tables_flagged) ... ok
test_50_mapped_tables_not_unsupported (test_legacy_migration.DryRunPlanTests.test_50_mapped_tables_not_unsupported) ... ok
test_51_duplicate_item_names_found (test_legacy_migration.DryRunPlanTests.test_51_duplicate_item_names_found) ... ok
test_52_duplicate_doctor_names_are_merges (test_legacy_migration.DryRunPlanTests.test_52_duplicate_doctor_names_are_merges) ... ok
test_53_no_journal_records_finding (test_legacy_migration.DryRunPlanTests.test_53_no_journal_records_finding) ... ok
test_54_stock_batches_counted (test_legacy_migration.DryRunPlanTests.test_54_stock_batches_counted) ... ok
test_55_stock_adjustments_counted (test_legacy_migration.DryRunPlanTests.test_55_stock_adjustments_counted) ... ok
test_56_parties_classified (test_legacy_migration.DryRunPlanTests.test_56_parties_classified) ... ok
test_57_financial_years_valid (test_legacy_migration.DryRunPlanTests.test_57_financial_years_valid) ... ok
test_58_missing_item_company_detected (test_legacy_migration.DryRunPlanTests.test_58_missing_item_company_detected) ... ok
test_59_missing_item_unit_detected (test_legacy_migration.DryRunPlanTests.test_59_missing_item_unit_detected) ... ok
test_60_plan_summary_shape (test_legacy_migration.DryRunPlanTests.test_60_plan_summary_shape) ... ok
test_61_plan_to_dict_json_serialisable (test_legacy_migration.DryRunPlanTests.test_61_plan_to_dict_json_serialisable) ... ok
test_62_dry_run_markdown_contains_tables (test_legacy_migration.DryRunPlanTests.test_62_dry_run_markdown_contains_tables) ... ok
test_63_write_dry_run_reports (test_legacy_migration.DryRunPlanTests.test_63_write_dry_run_reports) ... ok
test_64_dry_run_does_not_create_database (test_legacy_migration.DryRunPlanTests.test_64_dry_run_does_not_create_database) ... ok
test_65_dry_run_does_not_touch_existing_database (test_legacy_migration.DryRunPlanTests.test_65_dry_run_does_not_touch_existing_database) ... ok
test_66_unsupported_reasons_documented (test_legacy_migration.DryRunPlanTests.test_66_unsupported_reasons_documented) ... ok
test_67_source_targets_cover_main_tables (test_legacy_migration.DryRunPlanTests.test_67_source_targets_cover_main_tables) ... ok
test_68_sales_items_unresolved_counted (test_legacy_migration.DryRunPlanTests.test_68_sales_items_unresolved_counted) ... ok
test_30_table_discovery (test_legacy_migration.DumpParsingTests.test_30_table_discovery) ... ok
test_31_column_order_preserved (test_legacy_migration.DumpParsingTests.test_31_column_order_preserved) ... ok
test_32_all_fixture_tables_found (test_legacy_migration.DumpParsingTests.test_32_all_fixture_tables_found) ... ok
test_33_iter_rows_returns_decoded_values (test_legacy_migration.DumpParsingTests.test_33_iter_rows_returns_decoded_values) ... ok
test_34_iter_rows_filters_table (test_legacy_migration.DumpParsingTests.test_34_iter_rows_filters_table) ... ok
test_35_iter_rows_multiple_insert_statements (test_legacy_migration.DumpParsingTests.test_35_iter_rows_multiple_insert_statements) ... ok
test_36_count_rows (test_legacy_migration.DumpParsingTests.test_36_count_rows) ... ok
test_37_count_rows_includes_all_tables (test_legacy_migration.DumpParsingTests.test_37_count_rows_includes_all_tables) ... ok
test_38_trigger_lines_skipped (test_legacy_migration.DumpParsingTests.test_38_trigger_lines_skipped) ... ok
test_39_trigger_lines_recorded (test_legacy_migration.DumpParsingTests.test_39_trigger_lines_recorded) ... ok
test_40_trigger_rows_are_literal_data (test_legacy_migration.DumpParsingTests.test_40_trigger_rows_are_literal_data) ... ok
test_41_sample_returns_first_rows (test_legacy_migration.DumpParsingTests.test_41_sample_returns_first_rows) ... ok
test_42_table_names_listing (test_legacy_migration.DumpParsingTests.test_42_table_names_listing) ... ok
test_43_missing_file_raises (test_legacy_migration.DumpParsingTests.test_43_missing_file_raises) ... ok
test_44_iter_rows_unknown_table_is_empty (test_legacy_migration.DumpParsingTests.test_44_iter_rows_unknown_table_is_empty) ... ok
test_45_explicit_insert_column_list (test_legacy_migration.DumpParsingTests.test_45_explicit_insert_column_list) ... ok
test_139_ledger_transactions_imported (test_legacy_migration.ImportAccountingTests.test_139_ledger_transactions_imported) ... ok
test_140_debit_credit_split_by_trn_type (test_legacy_migration.ImportAccountingTests.test_140_debit_credit_split_by_trn_type) ... ok
test_141_debit_only_rows_have_zero_credit (test_legacy_migration.ImportAccountingTests.test_141_debit_only_rows_have_zero_credit) ... ok
test_142_reference_types_match_posting_sources (test_legacy_migration.ImportAccountingTests.test_142_reference_types_match_posting_sources) ... ok
test_143_reference_ids_link_to_new_records (test_legacy_migration.ImportAccountingTests.test_143_reference_ids_link_to_new_records) ... ok
test_144_voucher_numbers_preserved (test_legacy_migration.ImportAccountingTests.test_144_voucher_numbers_preserved) ... ok
test_145_narration_preserved (test_legacy_migration.ImportAccountingTests.test_145_narration_preserved) ... ok
test_146_transaction_dates_preserved (test_legacy_migration.ImportAccountingTests.test_146_transaction_dates_preserved) ... ok
test_147_no_posting_engine_replay (test_legacy_migration.ImportAccountingTests.test_147_no_posting_engine_replay) ... ok
test_148_sales_dao_insert_not_used (test_legacy_migration.ImportAccountingTests.test_148_sales_dao_insert_not_used) ... ok
test_149_purchase_dao_insert_not_used (test_legacy_migration.ImportAccountingTests.test_149_purchase_dao_insert_not_used) ... ok
test_150_stock_dao_not_used_for_history (test_legacy_migration.ImportAccountingTests.test_150_stock_dao_not_used_for_history) ... ok
test_151_accounting_totals_match_source (test_legacy_migration.ImportAccountingTests.test_151_accounting_totals_match_source) ... ok
test_69_companies_imported (test_legacy_migration.ImportMasterTests.test_69_companies_imported) ... ok
test_70_company_duplicate_merged (test_legacy_migration.ImportMasterTests.test_70_company_duplicate_merged) ... ok
test_71_company_short_name (test_legacy_migration.ImportMasterTests.test_71_company_short_name) ... ok
test_72_units_imported (test_legacy_migration.ImportMasterTests.test_72_units_imported) ... ok
test_73_drugs_imported (test_legacy_migration.ImportMasterTests.test_73_drugs_imported) ... ok
test_74_doctors_imported_with_fields (test_legacy_migration.ImportMasterTests.test_74_doctors_imported_with_fields) ... ok
test_75_doctor_duplicate_merged (test_legacy_migration.ImportMasterTests.test_75_doctor_duplicate_merged) ... ok
test_76_items_imported (test_legacy_migration.ImportMasterTests.test_76_items_imported) ... ok
test_77_item_duplicate_merged (test_legacy_migration.ImportMasterTests.test_77_item_duplicate_merged) ... ok
test_78_item_relationships_resolved (test_legacy_migration.ImportMasterTests.test_78_item_relationships_resolved) ... ok
test_79_item_scalar_fields (test_legacy_migration.ImportMasterTests.test_79_item_scalar_fields) ... ok
test_80_item_pathy_resolved_to_text (test_legacy_migration.ImportMasterTests.test_80_item_pathy_resolved_to_text) ... ok
test_81_item_category_not_invented (test_legacy_migration.ImportMasterTests.test_81_item_category_not_invented) ... ok
test_82_item_ingredients_imported (test_legacy_migration.ImportMasterTests.test_82_item_ingredients_imported) ... ok
test_83_item_ingredient_power (test_legacy_migration.ImportMasterTests.test_83_item_ingredient_power) ... ok
test_84_item_ingredients_deduplicated (test_legacy_migration.ImportMasterTests.test_84_item_ingredients_deduplicated) ... ok
test_85_item_id_map_covers_all_legacy_items (test_legacy_migration.ImportMasterTests.test_85_item_id_map_covers_all_legacy_items) ... ok
test_86_item_ids_are_remapped_not_reused (test_legacy_migration.ImportMasterTests.test_86_item_ids_are_remapped_not_reused) ... ok
test_100_all_legacy_ledgers_mapped (test_legacy_migration.ImportPartyTests.test_100_all_legacy_ledgers_mapped) ... ok
test_101_financial_years_imported (test_legacy_migration.ImportPartyTests.test_101_financial_years_imported) ... ok
test_102_financial_year_dates (test_legacy_migration.ImportPartyTests.test_102_financial_year_dates) ... ok
test_103_active_financial_year_is_current (test_legacy_migration.ImportPartyTests.test_103_active_financial_year_is_current) ... ok
test_104_single_active_financial_year (test_legacy_migration.ImportPartyTests.test_104_single_active_financial_year) ... ok
test_87_customers_created_from_debtors (test_legacy_migration.ImportPartyTests.test_87_customers_created_from_debtors) ... ok
test_88_walkin_single_customer (test_legacy_migration.ImportPartyTests.test_88_walkin_single_customer) ... ok
test_89_suppliers_created_from_creditors (test_legacy_migration.ImportPartyTests.test_89_suppliers_created_from_creditors) ... ok
test_90_customer_ledger_linked (test_legacy_migration.ImportPartyTests.test_90_customer_ledger_linked) ... ok
test_91_supplier_ledger_linked (test_legacy_migration.ImportPartyTests.test_91_supplier_ledger_linked) ... ok
test_92_system_ledger_roles_preserved (test_legacy_migration.ImportPartyTests.test_92_system_ledger_roles_preserved) ... ok
test_93_cash_ledger_merged_into_system_role (test_legacy_migration.ImportPartyTests.test_93_cash_ledger_merged_into_system_role) ... ok
test_94_bank_ledger_keeps_legacy_name (test_legacy_migration.ImportPartyTests.test_94_bank_ledger_keeps_legacy_name) ... ok
test_95_ledger_group_text_mapped (test_legacy_migration.ImportPartyTests.test_95_ledger_group_text_mapped) ... ok
test_96_ledger_group_id_classified (test_legacy_migration.ImportPartyTests.test_96_ledger_group_id_classified) ... ok
test_97_unmapped_group_text_preserved (test_legacy_migration.ImportPartyTests.test_97_unmapped_group_text_preserved) ... ok
test_98_opening_balance_sign_kept (test_legacy_migration.ImportPartyTests.test_98_opening_balance_sign_kept) ... ok
test_99_credit_opening_balance_type (test_legacy_migration.ImportPartyTests.test_99_credit_opening_balance_type) ... ok
test_152_batches_imported (test_legacy_migration.ImportStockTests.test_152_batches_imported) ... ok
test_153_stock_quantity_is_balance_not_replay (test_legacy_migration.ImportStockTests.test_153_stock_quantity_is_balance_not_replay) ... ok
test_154_zero_stock_batch_preserved (test_legacy_migration.ImportStockTests.test_154_zero_stock_batch_preserved) ... ok
test_155_batch_metadata_preserved (test_legacy_migration.ImportStockTests.test_155_batch_metadata_preserved) ... ok
test_156_duplicate_legacy_stock_rows_summed (test_legacy_migration.ImportStockTests.test_156_duplicate_legacy_stock_rows_summed) ... ok
test_157_extra_batches_for_history_created (test_legacy_migration.ImportStockTests.test_157_extra_batches_for_history_created) ... ok
test_158_stock_adjustments_not_double_counted (test_legacy_migration.ImportStockTests.test_158_stock_adjustments_not_double_counted) ... ok
test_105_purchase_headers_imported (test_legacy_migration.ImportTransactionTests.test_105_purchase_headers_imported) ... ok
test_106_purchase_voucher_number_composed (test_legacy_migration.ImportTransactionTests.test_106_purchase_voucher_number_composed) ... ok
test_107_purchase_supplier_resolved (test_legacy_migration.ImportTransactionTests.test_107_purchase_supplier_resolved) ... ok
test_108_purchase_amounts_preserved (test_legacy_migration.ImportTransactionTests.test_108_purchase_amounts_preserved) ... ok
test_109_purchase_invoice_number_and_dates (test_legacy_migration.ImportTransactionTests.test_109_purchase_invoice_number_and_dates) ... ok
test_110_purchase_items_imported (test_legacy_migration.ImportTransactionTests.test_110_purchase_items_imported) ... ok
test_111_purchase_item_quantities (test_legacy_migration.ImportTransactionTests.test_111_purchase_item_quantities) ... ok
test_112_purchase_item_rates_and_gst (test_legacy_migration.ImportTransactionTests.test_112_purchase_item_rates_and_gst) ... ok
test_113_sales_headers_imported (test_legacy_migration.ImportTransactionTests.test_113_sales_headers_imported) ... ok
test_114_sales_bill_numbers_unique (test_legacy_migration.ImportTransactionTests.test_114_sales_bill_numbers_unique) ... ok
test_115_sale_patient_and_time (test_legacy_migration.ImportTransactionTests.test_115_sale_patient_and_time) ... ok
test_116_walkin_sale_uses_walkin_customer (test_legacy_migration.ImportTransactionTests.test_116_walkin_sale_uses_walkin_customer) ... ok
test_117_no_fake_walkin_customers (test_legacy_migration.ImportTransactionTests.test_117_no_fake_walkin_customers) ... ok
test_118_credit_sale_customer_resolved (test_legacy_migration.ImportTransactionTests.test_118_credit_sale_customer_resolved) ... ok
test_119_sale_doctor_resolved (test_legacy_migration.ImportTransactionTests.test_119_sale_doctor_resolved) ... ok
test_120_sales_items_imported (test_legacy_migration.ImportTransactionTests.test_120_sales_items_imported) ... ok
test_121_sales_item_batch_linked (test_legacy_migration.ImportTransactionTests.test_121_sales_item_batch_linked) ... ok
test_122_sales_item_amounts (test_legacy_migration.ImportTransactionTests.test_122_sales_item_amounts) ... ok
test_123_sales_item_expiry_preserved (test_legacy_migration.ImportTransactionTests.test_123_sales_item_expiry_preserved) ... ok
test_124_credit_notes_imported (test_legacy_migration.ImportTransactionTests.test_124_credit_notes_imported) ... ok
test_125_credit_note_fields (test_legacy_migration.ImportTransactionTests.test_125_credit_note_fields) ... ok
test_126_credit_note_item_fields (test_legacy_migration.ImportTransactionTests.test_126_credit_note_item_fields) ... ok
test_127_credit_note_price_factor_recorded (test_legacy_migration.ImportTransactionTests.test_127_credit_note_price_factor_recorded) ... ok
test_128_debit_notes_imported (test_legacy_migration.ImportTransactionTests.test_128_debit_notes_imported) ... ok
test_129_debit_note_supplier_resolved (test_legacy_migration.ImportTransactionTests.test_129_debit_note_supplier_resolved) ... ok
test_130_receipts_imported (test_legacy_migration.ImportTransactionTests.test_130_receipts_imported) ... ok
test_131_receipt_fields (test_legacy_migration.ImportTransactionTests.test_131_receipt_fields) ... ok
test_132_receipt_customer_resolved (test_legacy_migration.ImportTransactionTests.test_132_receipt_customer_resolved) ... ok
test_133_payments_imported (test_legacy_migration.ImportTransactionTests.test_133_payments_imported) ... ok
test_134_payment_reference_preserved (test_legacy_migration.ImportTransactionTests.test_134_payment_reference_preserved) ... ok
test_135_journal_tables_empty (test_legacy_migration.ImportTransactionTests.test_135_journal_tables_empty) ... ok
test_136_demo_sales_not_imported (test_legacy_migration.ImportTransactionTests.test_136_demo_sales_not_imported) ... ok
test_137_demo_rows_excluded_reported (test_legacy_migration.ImportTransactionTests.test_137_demo_rows_excluded_reported) ... ok
test_138_demo_ids_absent_from_maps (test_legacy_migration.ImportTransactionTests.test_138_demo_ids_absent_from_maps) ... ok
test_159_demo_business_data_cleared (test_legacy_migration.MigrationSafetyTests.test_159_demo_business_data_cleared) ... ok
test_160_authentication_preserved (test_legacy_migration.MigrationSafetyTests.test_160_authentication_preserved) ... ok
test_161_system_ledgers_preserved (test_legacy_migration.MigrationSafetyTests.test_161_system_ledgers_preserved) ... ok
test_162_backup_created_and_validated (test_legacy_migration.MigrationSafetyTests.test_162_backup_created_and_validated) ... ok
test_163_backup_is_restorable_snapshot (test_legacy_migration.MigrationSafetyTests.test_163_backup_is_restorable_snapshot) ... ok
test_164_pre_and_post_state_recorded (test_legacy_migration.MigrationSafetyTests.test_164_pre_and_post_state_recorded) ... ok
test_165_cleared_tables_reported (test_legacy_migration.MigrationSafetyTests.test_165_cleared_tables_reported) ... ok
test_166_failed_import_rolls_back_phase (test_legacy_migration.MigrationSafetyTests.test_166_failed_import_rolls_back_phase) ... ok
test_167_repeated_import_is_clean (test_legacy_migration.MigrationSafetyTests.test_167_repeated_import_is_clean) ... ok
test_168_repeated_import_does_not_duplicate_ledgers (test_legacy_migration.MigrationSafetyTests.test_168_repeated_import_does_not_duplicate_ledgers) ... ok
test_169_production_import_requires_confirmation (test_legacy_migration.MigrationSafetyTests.test_169_production_import_requires_confirmation) ... Refusing to import into the production database without --confirm-production (use --db for a staging copy).
ok
test_170_cli_import_into_staging_allowed (test_legacy_migration.MigrationSafetyTests.test_170_cli_import_into_staging_allowed) ... ok
test_171_limit_option_limits_rows (test_legacy_migration.MigrationSafetyTests.test_171_limit_option_limits_rows) ... ok
test_172_migration_meta_written (test_legacy_migration.MigrationSafetyTests.test_172_migration_meta_written) ... ok
test_173_cleared_protected_tables_not_in_order (test_legacy_migration.MigrationSafetyTests.test_173_cleared_protected_tables_not_in_order) ... ok
test_174_demo_tables_constant (test_legacy_migration.MigrationSafetyTests.test_174_demo_tables_constant) ... ok
test_207_large_transaction_dataset_imports (test_legacy_migration.PerformanceTests.test_207_large_transaction_dataset_imports) ... ok
test_208_import_skips_only_merges_and_duplicates (test_legacy_migration.PerformanceTests.test_208_import_skips_only_merges_and_duplicates) ... ok
test_209_large_stock_dataset (test_legacy_migration.PerformanceTests.test_209_large_stock_dataset) ... ok
test_210_import_completes_with_verification (test_legacy_migration.PerformanceTests.test_210_import_completes_with_verification) ... ok
test_211_real_dump_tables_discovered (test_legacy_migration.RealDumpTests.test_211_real_dump_tables_discovered) ... ok
test_212_real_dump_demo_rows (test_legacy_migration.RealDumpTests.test_212_real_dump_demo_rows) ... ok
test_213_real_dump_sales_rows (test_legacy_migration.RealDumpTests.test_213_real_dump_sales_rows) ... ok
test_214_real_dump_plan_builds (test_legacy_migration.RealDumpTests.test_214_real_dump_plan_builds) ... ok
test_215_real_dump_no_unresolved_sales_items (test_legacy_migration.RealDumpTests.test_215_real_dump_no_unresolved_sales_items) ... ok
test_196_migration_report_markdown (test_legacy_migration.ReportAndCliTests.test_196_migration_report_markdown) ... ok
test_197_migration_report_lists_tables (test_legacy_migration.ReportAndCliTests.test_197_migration_report_lists_tables) ... ok
test_198_report_documents_unsupported (test_legacy_migration.ReportAndCliTests.test_198_report_documents_unsupported) ... ok
test_199_report_states_passwords_not_imported (test_legacy_migration.ReportAndCliTests.test_199_report_states_passwords_not_imported) ... ok
test_200_write_migration_report_files (test_legacy_migration.ReportAndCliTests.test_200_write_migration_report_files) ... ok
test_201_cli_parser_requires_a_mode (test_legacy_migration.ReportAndCliTests.test_201_cli_parser_requires_a_mode) ... usage: python -m database.legacy_migration [-h] (--dry-run | --import |
                                           --verify) [--db DB]
                                           [--report REPORT] [--json JSON]
                                           [--no-backup]
                                           [--backup-dir BACKUP_DIR]
                                           [--limit LIMIT]
                                           [--import-legacy-users]
                                           [--confirm-production]
                                           dump
python -m database.legacy_migration: error: the following arguments are required: dump
ok
test_202_cli_dry_run_writes_reports (test_legacy_migration.ReportAndCliTests.test_202_cli_dry_run_writes_reports) ... ok
test_203_cli_verify_returns_status (test_legacy_migration.ReportAndCliTests.test_203_cli_verify_returns_status) ... ok
test_204_cli_verify_returns_one_on_failure (test_legacy_migration.ReportAndCliTests.test_204_cli_verify_returns_one_on_failure) ... ok
test_205_cli_dump_flag_validation (test_legacy_migration.ReportAndCliTests.test_205_cli_dump_flag_validation) ... ok
test_206_cli_import_legacy_users_flag (test_legacy_migration.ReportAndCliTests.test_206_cli_import_legacy_users_flag) ... ok
test_01_null (test_legacy_migration.TokenParsingTests.test_01_null) ... ok
test_02_null_lowercase (test_legacy_migration.TokenParsingTests.test_02_null_lowercase) ... ok
test_03_integer (test_legacy_migration.TokenParsingTests.test_03_integer) ... ok
test_04_negative_integer (test_legacy_migration.TokenParsingTests.test_04_negative_integer) ... ok
test_05_float (test_legacy_migration.TokenParsingTests.test_05_float) ... ok
test_06_string (test_legacy_migration.TokenParsingTests.test_06_string) ... ok
test_07_empty_string (test_legacy_migration.TokenParsingTests.test_07_empty_string) ... ok
test_08_escaped_quote (test_legacy_migration.TokenParsingTests.test_08_escaped_quote) ... ok
test_09_escaped_backslash (test_legacy_migration.TokenParsingTests.test_09_escaped_backslash) ... ok
test_10_escaped_newline (test_legacy_migration.TokenParsingTests.test_10_escaped_newline) ... ok
test_11_doubled_quote (test_legacy_migration.TokenParsingTests.test_11_doubled_quote) ... ok
test_12_date_string (test_legacy_migration.TokenParsingTests.test_12_date_string) ... ok
test_13_percent_escape (test_legacy_migration.TokenParsingTests.test_13_percent_escape) ... ok
test_14_underscore_escape (test_legacy_migration.TokenParsingTests.test_14_underscore_escape) ... ok
test_15_split_single_tuple (test_legacy_migration.TokenParsingTests.test_15_split_single_tuple) ... ok
test_16_split_multiple_tuples (test_legacy_migration.TokenParsingTests.test_16_split_multiple_tuples) ... ok
test_17_split_comma_inside_string (test_legacy_migration.TokenParsingTests.test_17_split_comma_inside_string) ... ok
test_18_split_parenthesis_inside_string (test_legacy_migration.TokenParsingTests.test_18_split_parenthesis_inside_string) ... ok
test_19_split_escaped_quote_inside_string (test_legacy_migration.TokenParsingTests.test_19_split_escaped_quote_inside_string) ... ok
test_20_split_null_and_empty (test_legacy_migration.TokenParsingTests.test_20_split_null_and_empty) ... ok
test_21_column_list_parsing (test_legacy_migration.TokenParsingTests.test_21_column_list_parsing) ... ok
test_22_column_list_empty (test_legacy_migration.TokenParsingTests.test_22_column_list_empty) ... ok
test_23_literal_row_accepts_numbers_and_strings (test_legacy_migration.TokenParsingTests.test_23_literal_row_accepts_numbers_and_strings) ... ok
test_24_literal_row_rejects_trigger_identifiers (test_legacy_migration.TokenParsingTests.test_24_literal_row_rejects_trigger_identifiers) ... ok
test_25_reorder_maps_explicit_columns (test_legacy_migration.TokenParsingTests.test_25_reorder_maps_explicit_columns) ... ok
test_26_text_helper (test_legacy_migration.TokenParsingTests.test_26_text_helper) ... ok
test_27_pack_helper (test_legacy_migration.TokenParsingTests.test_27_pack_helper) ... ok
test_28_date_helper_drops_sentinels (test_legacy_migration.TokenParsingTests.test_28_date_helper_drops_sentinels) ... ok
test_29_number_helper (test_legacy_migration.TokenParsingTests.test_29_number_helper) ... ok
test_182_verify_ok_on_clean_import (test_legacy_migration.VerificationTests.test_182_verify_ok_on_clean_import) ... ok
test_183_integrity_check_ok (test_legacy_migration.VerificationTests.test_183_integrity_check_ok) ... ok
test_184_foreign_key_check_zero (test_legacy_migration.VerificationTests.test_184_foreign_key_check_zero) ... ok
test_185_no_orphans (test_legacy_migration.VerificationTests.test_185_no_orphans) ... ok
test_186_stock_reconciliation_zero_difference (test_legacy_migration.VerificationTests.test_186_stock_reconciliation_zero_difference) ... ok
test_187_mapping_coverage_reported (test_legacy_migration.VerificationTests.test_187_mapping_coverage_reported) ... ok
test_188_missing_reference_detected (test_legacy_migration.VerificationTests.test_188_missing_reference_detected) ... ok
test_189_orphan_detection_reports (test_legacy_migration.VerificationTests.test_189_orphan_detection_reports) ... ok
test_190_verify_is_read_only (test_legacy_migration.VerificationTests.test_190_verify_is_read_only) ... ok
test_191_migration_meta_absent_on_plain_db (test_legacy_migration.VerificationTests.test_191_migration_meta_absent_on_plain_db) ... ok
test_192_state_reports_table_count (test_legacy_migration.VerificationTests.test_192_state_reports_table_count) ... ok
test_193_state_reports_counts (test_legacy_migration.VerificationTests.test_193_state_reports_counts) ... ok
test_194_orphan_report_handles_missing_tables (test_legacy_migration.VerificationTests.test_194_orphan_report_handles_missing_tables) ... ok
test_195_verify_fails_on_wrong_count (test_legacy_migration.VerificationTests.test_195_verify_fails_on_wrong_count) ... ok
test_25_balance_agrees_with_ledger (test_party_wise_report.TestAccountingConsistency.test_25_balance_agrees_with_ledger) ... ok
test_23_edited_receipt_reflected (test_party_wise_report.TestEditDelete.test_23_edited_receipt_reflected) ... ok
test_24_deleted_payment_excluded (test_party_wise_report.TestEditDelete.test_24_deleted_payment_excluded) ... ok
test_01_empty_customer_report (test_party_wise_report.TestEmpty.test_01_empty_customer_report) ... ok
test_02_empty_supplier_report (test_party_wise_report.TestEmpty.test_02_empty_supplier_report) ... ok
test_15_date_filtering (test_party_wise_report.TestFilters.test_15_date_filtering) ... ok
test_16_customer_name_filter (test_party_wise_report.TestFilters.test_16_customer_name_filter) ... ok
test_17_supplier_name_filter (test_party_wise_report.TestFilters.test_17_supplier_name_filter) ... ok
test_13_customer_ledger_balance (test_party_wise_report.TestLedgerBalance.test_13_customer_ledger_balance) ... ok
test_14_supplier_ledger_balance (test_party_wise_report.TestLedgerBalance.test_14_supplier_ledger_balance) ... ok
test_26_customer_opening_balance (test_party_wise_report.TestOpeningBalance.test_26_customer_opening_balance) ... ok
test_27_supplier_opening_balance (test_party_wise_report.TestOpeningBalance.test_27_supplier_opening_balance) ... ok
test_28_outstanding_sign (test_party_wise_report.TestOutstandingSign.test_28_outstanding_sign) ... ok
test_03_one_customer (test_party_wise_report.TestPartyBasics.test_03_one_customer) ... ok
test_04_multiple_customers (test_party_wise_report.TestPartyBasics.test_04_multiple_customers) ... ok
test_05_one_supplier (test_party_wise_report.TestPartyBasics.test_05_one_supplier) ... ok
test_06_multiple_suppliers (test_party_wise_report.TestPartyBasics.test_06_multiple_suppliers) ... ok
test_18_customer_type (test_party_wise_report.TestPartyType.test_18_customer_type) ... ok
test_19_supplier_type (test_party_wise_report.TestPartyType.test_19_supplier_type) ... ok
test_20_all_type (test_party_wise_report.TestPartyType.test_20_all_type) ... ok
test_29_outstanding_is_current_not_period_end (test_party_wise_report.TestPeriodBehavior.test_29_outstanding_is_current_not_period_end) ... ok
test_31_persistence (test_party_wise_report.TestPersistence.test_31_persistence) ... ok
test_30_report_is_read_only (test_party_wise_report.TestReadOnly.test_30_report_is_read_only) ... ok
test_39_trial_balance_still_works (test_party_wise_report.TestRegressionFinancial.test_39_trial_balance_still_works) ... ok
test_40_profit_loss_still_works (test_party_wise_report.TestRegressionFinancial.test_40_profit_loss_still_works) ... ok
test_41_balance_sheet_still_works (test_party_wise_report.TestRegressionFinancial.test_41_balance_sheet_still_works) ... ok
test_45_stock_master_still_works (test_party_wise_report.TestRegressionMasters.test_45_stock_master_still_works) ... ok
test_46_master_crud_still_works (test_party_wise_report.TestRegressionMasters.test_46_master_crud_still_works) ... ok
test_42_sales_report_still_works (test_party_wise_report.TestRegressionReports.test_42_sales_report_still_works) ... ok
test_43_purchase_report_still_works (test_party_wise_report.TestRegressionReports.test_43_purchase_report_still_works) ... ok
test_44_expiry_report_still_works (test_party_wise_report.TestRegressionReports.test_44_expiry_report_still_works) ... ok
test_32_customer_receipt_still_works (test_party_wise_report.TestRegressionTransactions.test_32_customer_receipt_still_works) ... ok
test_33_supplier_payment_still_works (test_party_wise_report.TestRegressionTransactions.test_33_supplier_payment_still_works) ... ok
test_34_counter_sale_still_works (test_party_wise_report.TestRegressionTransactions.test_34_counter_sale_still_works) ... ok
test_35_purchase_invoice_still_works (test_party_wise_report.TestRegressionTransactions.test_35_purchase_invoice_still_works) ... ok
test_36_credit_note_still_works (test_party_wise_report.TestRegressionTransactions.test_36_credit_note_still_works) ... ok
test_37_debit_note_still_works (test_party_wise_report.TestRegressionTransactions.test_37_debit_note_still_works) ... ok
test_38_journal_entry_still_works (test_party_wise_report.TestRegressionTransactions.test_38_journal_entry_still_works) ... ok
test_21_customer_summary (test_party_wise_report.TestSummaries.test_21_customer_summary) ... ok
test_22_supplier_summary (test_party_wise_report.TestSummaries.test_22_supplier_summary) ... ok
test_07_customer_sales_totals (test_party_wise_report.TestTransactionTotals.test_07_customer_sales_totals) ... ok
test_08_customer_credit_note_totals (test_party_wise_report.TestTransactionTotals.test_08_customer_credit_note_totals) ... ok
test_09_customer_receipt_totals (test_party_wise_report.TestTransactionTotals.test_09_customer_receipt_totals) ... ok
test_10_supplier_purchase_totals (test_party_wise_report.TestTransactionTotals.test_10_supplier_purchase_totals) ... ok
test_11_supplier_debit_note_totals (test_party_wise_report.TestTransactionTotals.test_11_supplier_debit_note_totals) ... ok
test_12_supplier_payment_totals (test_party_wise_report.TestTransactionTotals.test_12_supplier_payment_totals) ... ok
test_ui_has_controls (test_party_wise_report.TestUI.test_ui_has_controls) ... ok
test_ui_instantiation (test_party_wise_report.TestUI.test_ui_instantiation) ... ok
test_01_user_master_exists_once (test_phase6b_wiring.MasterMenuWiringTests.test_01_user_master_exists_once) ... ok
test_02_account_group_is_master_entry_once (test_phase6b_wiring.MasterMenuWiringTests.test_02_account_group_is_master_entry_once) ... ok
test_03_no_duplicate_master_entries (test_phase6b_wiring.MasterMenuWiringTests.test_03_no_duplicate_master_entries) ... ok
test_04_user_master_permission_is_existing_permission (test_phase6b_wiring.MasterMenuWiringTests.test_04_user_master_permission_is_existing_permission) ... ok
test_05_admin_can_open_user_management_permission (test_phase6b_wiring.MasterMenuWiringTests.test_05_admin_can_open_user_management_permission) ... ok
test_06_staff_is_blocked_from_user_management (test_phase6b_wiring.MasterMenuWiringTests.test_06_staff_is_blocked_from_user_management) ... ok
test_07_account_group_page_exported (test_phase6b_wiring.MasterMenuWiringTests.test_07_account_group_page_exported) ... ok
test_08_main_window_maps_existing_pages (test_phase6b_wiring.MasterMenuWiringTests.test_08_main_window_maps_existing_pages) ... ok
test_09_no_second_user_screen_added (test_phase6b_wiring.MasterMenuWiringTests.test_09_no_second_user_screen_added) ... ok
test_10_account_group_feature_source_is_reused (test_phase6b_wiring.MasterMenuWiringTests.test_10_account_group_feature_source_is_reused) ... ok
test_01_prod_db_exists (test_production_migration.TestProductionMigration.test_01_prod_db_exists) ... ok
test_02_prod_db_has_size (test_production_migration.TestProductionMigration.test_02_prod_db_has_size) ... ok
test_03_prod_db_is_sqlite (test_production_migration.TestProductionMigration.test_03_prod_db_is_sqlite) ... ok
test_04_prod_db_has_expected_tables (test_production_migration.TestProductionMigration.test_04_prod_db_has_expected_tables) ... ok
test_05_backup_creation_succeeds (test_production_migration.TestProductionMigration.test_05_backup_creation_succeeds) ... ok
test_06_backup_has_sha256 (test_production_migration.TestProductionMigration.test_06_backup_has_sha256) ... ok
test_07_backup_validation_succeeds (test_production_migration.TestProductionMigration.test_07_backup_validation_succeeds) ... ok
test_08_backup_validation_returns_tables (test_production_migration.TestProductionMigration.test_08_backup_validation_returns_tables) ... ok
test_09_backup_validation_detects_empty_file (test_production_migration.TestProductionMigration.test_09_backup_validation_detects_empty_file) ... ok
test_10_backup_validation_detects_missing_file (test_production_migration.TestProductionMigration.test_10_backup_validation_detects_missing_file) ... ok
test_11_backup_file_is_readonly_during_validation (test_production_migration.TestProductionMigration.test_11_backup_file_is_readonly_during_validation) ... ok
test_12_migration_adds_category_table (test_production_migration.TestProductionMigration.test_12_migration_adds_category_table) ... ok
test_13_migration_adds_hold_bills_table (test_production_migration.TestProductionMigration.test_13_migration_adds_hold_bills_table) ... ok
test_14_migration_adds_hold_bill_items_table (test_production_migration.TestProductionMigration.test_14_migration_adds_hold_bill_items_table) ... ok
test_15_migration_does_not_drop_tables (test_production_migration.TestProductionMigration.test_15_migration_does_not_drop_tables) ... ok
test_16_migration_preserves_row_counts (test_production_migration.TestProductionMigration.test_16_migration_preserves_row_counts) ... ok
test_17_migration_preserves_financial_year (test_production_migration.TestProductionMigration.test_17_migration_preserves_financial_year) ... ok
test_18_migration_preserves_users (test_production_migration.TestProductionMigration.test_18_migration_preserves_users) ... ok
test_19_migration_foreign_keys_valid (test_production_migration.TestProductionMigration.test_19_migration_foreign_keys_valid) ... ok
test_20_migration_integrity_ok (test_production_migration.TestProductionMigration.test_20_migration_integrity_ok) ... ok
test_21_idempotence_table_count (test_production_migration.TestProductionMigration.test_21_idempotence_table_count) ... ok
test_22_idempotence_row_counts (test_production_migration.TestProductionMigration.test_22_idempotence_row_counts) ... ok
test_23_idempotence_foreign_keys (test_production_migration.TestProductionMigration.test_23_idempotence_foreign_keys) ... ok
test_24_idempotence_integrity (test_production_migration.TestProductionMigration.test_24_idempotence_integrity) ... ok
test_25_restore_rehearsal_copies_data (test_production_migration.TestProductionMigration.test_25_restore_rehearsal_copies_data) ... ok
test_26_restore_rehearsal_integrity (test_production_migration.TestProductionMigration.test_26_restore_rehearsal_integrity) ... ok
test_27_restore_rehearsal_validates (test_production_migration.TestProductionMigration.test_27_restore_rehearsal_validates) ... ok
test_28_restore_rehearsal_preserves_master_data (test_production_migration.TestProductionMigration.test_28_restore_rehearsal_preserves_master_data) ... ok
test_29_migration_does_not_modify_prod_db_directly (test_production_migration.TestProductionMigration.test_29_migration_does_not_modify_prod_db_directly) ... ok
test_30_prod_db_remains_the_same_size_if_untouched (test_production_migration.TestProductionMigration.test_30_prod_db_remains_the_same_size_if_untouched) ... ok
test_13_from_date_excludes_before (test_profit_loss.TestDateFiltering.test_13_from_date_excludes_before) ... ok
test_14_to_date_excludes_after (test_profit_loss.TestDateFiltering.test_14_to_date_excludes_after) ... ok
test_15_transaction_before_period_excluded (test_profit_loss.TestDateFiltering.test_15_transaction_before_period_excluded) ... ok
test_16_transaction_after_period_excluded (test_profit_loss.TestDateFiltering.test_16_transaction_after_period_excluded) ... ok
test_34_decimal_tolerance (test_profit_loss.TestDecimalTolerance.test_34_decimal_tolerance) ... ok
test_01_empty_pl_no_rows (test_profit_loss.TestEmptyPL.test_01_empty_pl_no_rows) ... ok
test_02_empty_pl_totals_zero (test_profit_loss.TestEmptyPL.test_02_empty_pl_totals_zero) ... ok
test_21_customer_ledger_excluded (test_profit_loss.TestExcludedAccounts.test_21_customer_ledger_excluded) ... ok
test_22_supplier_ledger_excluded (test_profit_loss.TestExcludedAccounts.test_22_supplier_ledger_excluded) ... ok
test_23_cash_excluded (test_profit_loss.TestExcludedAccounts.test_23_cash_excluded) ... ok
test_24_bank_excluded (test_profit_loss.TestExcludedAccounts.test_24_bank_excluded) ... ok
test_25_capital_excluded (test_profit_loss.TestExcludedAccounts.test_25_capital_excluded) ... ok
test_35_ledger_and_pl_consistency (test_profit_loss.TestLedgerConsistency.test_35_ledger_and_pl_consistency) ... ok
test_32_cogs_limitation_reported (test_profit_loss.TestLimitationNotices.test_32_cogs_limitation_reported) ... ok
test_33_gst_limitation_reported (test_profit_loss.TestLimitationNotices.test_33_gst_limitation_reported) ... ok
test_10_net_profit (test_profit_loss.TestNetResult.test_10_net_profit) ... ok
test_11_net_loss (test_profit_loss.TestNetResult.test_11_net_loss) ... ok
test_12_zero_result (test_profit_loss.TestNetResult.test_12_zero_result) ... ok
test_17_opening_balance_excluded (test_profit_loss.TestOpeningBalanceExcluded.test_17_opening_balance_excluded) ... ok
test_38_pl_page_opens (test_profit_loss.TestPLUI.test_38_pl_page_opens) ... ok
test_39_generate_works (test_profit_loss.TestPLUI.test_39_generate_works) ... ok
test_40_date_filtering_ui (test_profit_loss.TestPLUI.test_40_date_filtering_ui) ... ok
test_41_refresh_works (test_profit_loss.TestPLUI.test_41_refresh_works) ... ok
test_37_persistence (test_profit_loss.TestPersistence.test_37_persistence) ... ok
test_03_sales_income (test_profit_loss.TestPostingSources.test_03_sales_income) ... ok
test_04_sales_return_effect (test_profit_loss.TestPostingSources.test_04_sales_return_effect) ... ok
test_05_purchase_expense (test_profit_loss.TestPostingSources.test_05_purchase_expense) ... ok
test_06_purchase_return_effect (test_profit_loss.TestPostingSources.test_06_purchase_return_effect) ... ok
test_07_operating_expense_via_journal (test_profit_loss.TestPostingSources.test_07_operating_expense_via_journal) ... ok
test_08_multiple_income_ledgers (test_profit_loss.TestPostingSources.test_08_multiple_income_ledgers) ... ok
test_09_multiple_expense_ledgers (test_profit_loss.TestPostingSources.test_09_multiple_expense_ledgers) ... ok
test_42_customer_receipt_still_works (test_profit_loss.TestRegression.test_42_customer_receipt_still_works) ... ok
test_43_supplier_payment_still_works (test_profit_loss.TestRegression.test_43_supplier_payment_still_works) ... ok
test_44_counter_sale_still_works (test_profit_loss.TestRegression.test_44_counter_sale_still_works) ... ok
test_45_purchase_invoice_still_works (test_profit_loss.TestRegression.test_45_purchase_invoice_still_works) ... ok
test_46_credit_note_still_works (test_profit_loss.TestRegression.test_46_credit_note_still_works) ... ok
test_47_debit_note_still_works (test_profit_loss.TestRegression.test_47_debit_note_still_works) ... ok
test_48_journal_entry_still_works (test_profit_loss.TestRegression.test_48_journal_entry_still_works) ... ok
test_49_trial_balance_still_works (test_profit_loss.TestRegression.test_49_trial_balance_still_works) ... ok
test_50_all_master_screens_work (test_profit_loss.TestRegression.test_50_all_master_screens_work) ... ok
test_18_reversed_posting_excluded (test_profit_loss.TestReversalHandling.test_18_reversed_posting_excluded) ... ok
test_19_edited_transaction_reflects_new_amount (test_profit_loss.TestReversalHandling.test_19_edited_transaction_reflects_new_amount) ... ok
test_20_deleted_transaction_no_effect (test_profit_loss.TestReversalHandling.test_20_deleted_transaction_no_effect) ... ok
test_26_sales_system_role_included (test_profit_loss.TestSystemRoleClassification.test_26_sales_system_role_included) ... ok
test_27_sales_return_classified_by_group (test_profit_loss.TestSystemRoleClassification.test_27_sales_return_classified_by_group) ... ok
test_28_purchase_classified_by_group (test_profit_loss.TestSystemRoleClassification.test_28_purchase_classified_by_group) ... ok
test_29_purchase_return_classified_by_group (test_profit_loss.TestSystemRoleClassification.test_29_purchase_return_classified_by_group) ... ok
test_36_trial_balance_consistency (test_profit_loss.TestTrialBalanceConsistency.test_36_trial_balance_consistency) ... ok
test_30_unclassified_ledger_detected (test_profit_loss.TestUnclassifiedAccounts.test_30_unclassified_ledger_detected) ... ok
test_31_unclassified_excluded_from_totals (test_profit_loss.TestUnclassifiedAccounts.test_31_unclassified_excluded_from_totals) ... ok
test_01_purchase_exists (test_purchase_delete.PurchaseDeleteTests.test_01_purchase_exists) ... ok
test_02_delete_succeeds (test_purchase_delete.PurchaseDeleteTests.test_02_delete_succeeds) ... ok
test_03_items_removed (test_purchase_delete.PurchaseDeleteTests.test_03_items_removed) ... ok
test_04_pay_quantity_reversed (test_purchase_delete.PurchaseDeleteTests.test_04_pay_quantity_reversed) ... ok
test_05_free_quantity_reversed (test_purchase_delete.PurchaseDeleteTests.test_05_free_quantity_reversed) ... ok
test_06_multiple_batches (test_purchase_delete.PurchaseDeleteTests.test_06_multiple_batches) ... ok
test_07_same_item_batches_preserved (test_purchase_delete.PurchaseDeleteTests.test_07_same_item_batches_preserved) ... ok
test_08_posting_exists_before_delete (test_purchase_delete.PurchaseDeleteTests.test_08_posting_exists_before_delete) ... ok
test_09_posting_inactive_after_delete (test_purchase_delete.PurchaseDeleteTests.test_09_posting_inactive_after_delete) ... ok
test_10_reversal_rows_exist (test_purchase_delete.PurchaseDeleteTests.test_10_reversal_rows_exist) ... ok
test_11_supplier_balance_reversal (test_purchase_delete.PurchaseDeleteTests.test_11_supplier_balance_reversal) ... ok
test_12_cash_purchase_reversal (test_purchase_delete.PurchaseDeleteTests.test_12_cash_purchase_reversal) ... ok
test_13_repeat_delete_not_found (test_purchase_delete.PurchaseDeleteTests.test_13_repeat_delete_not_found) ... ok
test_14_repeat_delete_no_stock_change (test_purchase_delete.PurchaseDeleteTests.test_14_repeat_delete_no_stock_change) ... ok
test_15_staff_denied (test_purchase_delete.PurchaseDeleteTests.test_15_staff_denied) ... ok
test_16_missing_stock_rolls_back (test_purchase_delete.PurchaseDeleteTests.test_16_missing_stock_rolls_back) ... ok
test_17_insufficient_stock_rolls_back (test_purchase_delete.PurchaseDeleteTests.test_17_insufficient_stock_rolls_back) ... ok
test_18_posting_failure_rolls_back (test_purchase_delete.PurchaseDeleteTests.test_18_posting_failure_rolls_back) ... ok
test_19_source_delete_failure_rolls_back (test_purchase_delete.PurchaseDeleteTests.test_19_source_delete_failure_rolls_back) ... ok
test_20_unrelated_purchase_preserved (test_purchase_delete.PurchaseDeleteTests.test_20_unrelated_purchase_preserved) ... ok
test_21_unrelated_ledger_rows_preserved (test_purchase_delete.PurchaseDeleteTests.test_21_unrelated_ledger_rows_preserved) ... ok
test_22_fk_integrity (test_purchase_delete.PurchaseDeleteTests.test_22_fk_integrity) ... ok
test_23_integrity_check (test_purchase_delete.PurchaseDeleteTests.test_23_integrity_check) ... ok
test_24_history_lookup_removed (test_purchase_delete.PurchaseDeleteTests.test_24_history_lookup_removed) ... ok
test_25_edit_then_delete (test_purchase_delete.PurchaseDeleteTests.test_25_edit_then_delete) ... ok
test_26_multiple_edits_delete (test_purchase_delete.PurchaseDeleteTests.test_26_multiple_edits_delete) ... ok
test_27_admin_session_allowed (test_purchase_delete.PurchaseDeleteTests.test_27_admin_session_allowed) ... ok
test_28_staff_session_denied (test_purchase_delete.PurchaseDeleteTests.test_28_staff_session_denied) ... ok
test_29_zero_line_reversal (test_purchase_delete.PurchaseDeleteTests.test_29_zero_line_reversal) ... ok
test_30_edit_does_not_affect_unrelated_stock (test_purchase_delete.PurchaseDeleteTests.test_30_edit_does_not_affect_unrelated_stock) ... ok
test_31_no_orphan_items (test_purchase_delete.PurchaseDeleteTests.test_31_no_orphan_items) ... ok
test_32_no_orphan_posting_reference_required (test_purchase_delete.PurchaseDeleteTests.test_32_no_orphan_posting_reference_required) ... ok
test_33_reversal_is_idempotent (test_purchase_delete.PurchaseDeleteTests.test_33_reversal_is_idempotent) ... ok
test_34_delete_preserves_batch_reference (test_purchase_delete.PurchaseDeleteTests.test_34_delete_preserves_batch_reference) ... ok
test_35_delete_preserves_supplier (test_purchase_delete.PurchaseDeleteTests.test_35_delete_preserves_supplier) ... ok
test_36_delete_preserves_item (test_purchase_delete.PurchaseDeleteTests.test_36_delete_preserves_item) ... ok
test_37_delete_does_not_change_account_roles (test_purchase_delete.PurchaseDeleteTests.test_37_delete_does_not_change_account_roles) ... ok
test_38_delete_not_found_is_clear (test_purchase_delete.PurchaseDeleteTests.test_38_delete_not_found_is_clear) ... ok
test_39_actor_invalid_denied (test_purchase_delete.PurchaseDeleteTests.test_39_actor_invalid_denied) ... ok
test_40_database_persists_delete (test_purchase_delete.PurchaseDeleteTests.test_40_database_persists_delete) ... ok
test_41_active_effect_zero (test_purchase_delete.PurchaseDeleteTests.test_41_active_effect_zero) ... ok
test_42_no_accounting_posting_new_after_delete (test_purchase_delete.PurchaseDeleteTests.test_42_no_accounting_posting_new_after_delete) ... ok
test_43_stock_never_negative (test_purchase_delete.PurchaseDeleteTests.test_43_stock_never_negative) ... ok
test_44_history_refresh_source (test_purchase_delete.PurchaseDeleteTests.test_44_history_refresh_source) ... ok
test_45_full_lifecycle (test_purchase_delete.PurchaseDeleteTests.test_45_full_lifecycle) ... ok
test_09_cash_purchase_creates_two_rows (test_purchase_posting.TestCashPurchasePosting.test_09_cash_purchase_creates_two_rows) ... ok
test_10_cash_ledger_credited (test_purchase_posting.TestCashPurchasePosting.test_10_cash_ledger_credited) ... ok
test_11_cash_purchase_debits_purchase (test_purchase_posting.TestCashPurchasePosting.test_11_cash_purchase_debits_purchase) ... ok
test_12_credit_card_purchase_credits_bank (test_purchase_posting.TestCreditCardPurchasePosting.test_12_credit_card_purchase_credits_bank) ... ok
test_13_credit_card_purchase_debits_purchase (test_purchase_posting.TestCreditCardPurchasePosting.test_13_credit_card_purchase_debits_purchase) ... ok
test_04_credit_purchase_creates_two_rows (test_purchase_posting.TestCreditPurchasePosting.test_04_credit_purchase_creates_two_rows) ... ok
test_05_purchase_ledger_debited (test_purchase_posting.TestCreditPurchasePosting.test_05_purchase_ledger_debited) ... ok
test_06_supplier_ledger_credited (test_purchase_posting.TestCreditPurchasePosting.test_06_supplier_ledger_credited) ... ok
test_07_reference_type_and_id (test_purchase_posting.TestCreditPurchasePosting.test_07_reference_type_and_id) ... ok
test_08_voucher_number_in_posting (test_purchase_posting.TestCreditPurchasePosting.test_08_voucher_number_in_posting) ... ok
test_25_delete_reverses_accounting (test_purchase_posting.TestDelete.test_25_delete_reverses_accounting) ... ok
test_26_no_active_effect_after_delete (test_purchase_posting.TestDelete.test_26_no_active_effect_after_delete) ... ok
test_17_duplicate_posting_raises (test_purchase_posting.TestDuplicatePrevention.test_17_duplicate_posting_raises) ... ok
test_18_no_duplicate_active_effect (test_purchase_posting.TestDuplicatePrevention.test_18_no_duplicate_active_effect) ... ok
test_21_edit_amount_reposts (test_purchase_posting.TestEditAndRepost.test_21_edit_amount_reposts) ... ok
test_22_old_posting_reversed_on_edit (test_purchase_posting.TestEditAndRepost.test_22_old_posting_reversed_on_edit) ... ok
test_23_edit_type_cash_to_credit (test_purchase_posting.TestEditAndRepost.test_23_edit_type_cash_to_credit) ... ok
test_24_edit_partial_to_full (test_purchase_posting.TestEditAndRepost.test_24_edit_partial_to_full) ... ok
test_27_missing_purchase_system_ledger (test_purchase_posting.TestFailureSafety.test_27_missing_purchase_system_ledger) ... ok
test_28_missing_supplier_ledger (test_purchase_posting.TestFailureSafety.test_28_missing_supplier_ledger) ... ok
test_29_missing_cash_system_ledger (test_purchase_posting.TestFailureSafety.test_29_missing_cash_system_ledger) ... ok
test_30_missing_bank_system_ledger (test_purchase_posting.TestFailureSafety.test_30_missing_bank_system_ledger) ... ok
test_31_invalid_net_amount_zero (test_purchase_posting.TestFailureSafety.test_31_invalid_net_amount_zero) ... ok
test_32_paid_amount_negative (test_purchase_posting.TestFailureSafety.test_32_paid_amount_negative) ... ok
test_33_paid_exceeds_net (test_purchase_posting.TestFailureSafety.test_33_paid_exceeds_net) ... ok
test_34_unsupported_purchase_type (test_purchase_posting.TestFailureSafety.test_34_unsupported_purchase_type) ... ok
test_14_partial_payment_creates_three_rows (test_purchase_posting.TestPartialPaymentPosting.test_14_partial_payment_creates_three_rows) ... ok
test_15_partial_payment_credits_cash_and_supplier (test_purchase_posting.TestPartialPaymentPosting.test_15_partial_payment_credits_cash_and_supplier) ... ok
test_16_partial_credit_type_uses_cash_default (test_purchase_posting.TestPartialPaymentPosting.test_16_partial_credit_type_uses_cash_default) ... ok
test_35_restart_persistence (test_purchase_posting.TestPersistenceAndLedger.test_35_restart_persistence) ... ok
test_36_account_ledger_displays_purchase_entries (test_purchase_posting.TestPersistenceAndLedger.test_36_account_ledger_displays_purchase_entries) ... ok
test_37_purchase_crud_still_works (test_purchase_posting.TestRegression.test_37_purchase_crud_still_works) ... ok
test_38_customer_receipt_still_works (test_purchase_posting.TestRegression.test_38_customer_receipt_still_works) ... ok
test_39_supplier_payment_still_works (test_purchase_posting.TestRegression.test_39_supplier_payment_still_works) ... ok
test_40_counter_sale_still_works (test_purchase_posting.TestRegression.test_40_counter_sale_still_works) ... ok
test_19_reversal_creates_mirrored_rows (test_purchase_posting.TestReversal.test_19_reversal_creates_mirrored_rows) ... ok
test_20_net_becomes_zero_after_reversal (test_purchase_posting.TestReversal.test_20_net_becomes_zero_after_reversal) ... ok
test_01_supplier_has_linked_ledger (test_purchase_posting.TestSetupAndLinkage.test_01_supplier_has_linked_ledger) ... ok
test_02_purchase_system_ledger_exists (test_purchase_posting.TestSetupAndLinkage.test_02_purchase_system_ledger_exists) ... ok
test_03_cash_system_ledger_exists (test_purchase_posting.TestSetupAndLinkage.test_03_cash_system_ledger_exists) ... ok
test_01_empty_report (test_purchase_report.TestBasics.test_01_empty_report) ... ok
test_02_single_purchase (test_purchase_report.TestBasics.test_02_single_purchase) ... ok
test_03_multiple_purchases (test_purchase_report.TestBasics.test_03_multiple_purchases) ... ok
test_04_multiple_items_one_purchase (test_purchase_report.TestBasics.test_04_multiple_items_one_purchase) ... ok
test_05_date_filtering (test_purchase_report.TestFilters.test_05_date_filtering) ... ok
test_06_supplier_filtering (test_purchase_report.TestFilters.test_06_supplier_filtering) ... ok
test_07_item_filtering (test_purchase_report.TestFilters.test_07_item_filtering) ... ok
test_08_company_filtering (test_purchase_report.TestFilters.test_08_company_filtering) ... ok
test_09_invoice_number_filtering (test_purchase_report.TestFilters.test_09_invoice_number_filtering) ... ok
test_10_voucher_number_filtering (test_purchase_report.TestFilters.test_10_voucher_number_filtering) ... ok
test_11_batch_number_filtering (test_purchase_report.TestFilters.test_11_batch_number_filtering) ... ok
test_21_edited_purchase_current_values (test_purchase_report.TestLifecycle.test_21_edited_purchase_current_values) ... ok
test_22_deleted_purchase_excluded (test_purchase_report.TestLifecycle.test_22_deleted_purchase_excluded) ... ok
test_23_persistence_after_restart (test_purchase_report.TestLifecycle.test_23_persistence_after_restart) ... ok
test_27_counter_sale_still_works (test_purchase_report.TestRegression.test_27_counter_sale_still_works) ... ok
test_28_credit_note_still_works (test_purchase_report.TestRegression.test_28_credit_note_still_works) ... ok
test_29_debit_note_still_works (test_purchase_report.TestRegression.test_29_debit_note_still_works) ... ok
test_30_supplier_payment_still_works (test_purchase_report.TestRegression.test_30_supplier_payment_still_works) ... ok
test_31_customer_receipt_still_works (test_purchase_report.TestRegression.test_31_customer_receipt_still_works) ... ok
test_32_journal_entry_still_works (test_purchase_report.TestRegression.test_32_journal_entry_still_works) ... ok
test_33_trial_balance_still_works (test_purchase_report.TestRegression.test_33_trial_balance_still_works) ... ok
test_34_profit_loss_still_works (test_purchase_report.TestRegression.test_34_profit_loss_still_works) ... ok
test_35_balance_sheet_still_works (test_purchase_report.TestRegression.test_35_balance_sheet_still_works) ... ok
test_36_stock_master_still_works (test_purchase_report.TestRegression.test_36_stock_master_still_works) ... ok
test_37_sales_report_still_works (test_purchase_report.TestRegression.test_37_sales_report_still_works) ... ok
test_38_all_master_screens_still_work (test_purchase_report.TestRegression.test_38_all_master_screens_still_work) ... ok
test_24_report_is_read_only (test_purchase_report.TestSafety.test_24_report_is_read_only) ... ok
test_25_purchase_posting_unchanged (test_purchase_report.TestSafety.test_25_purchase_posting_unchanged) ... ok
test_26_stock_unchanged (test_purchase_report.TestSafety.test_26_stock_unchanged) ... ok
test_12_total_pay_qty (test_purchase_report.TestTotals.test_12_total_pay_qty) ... ok
test_13_total_free_qty (test_purchase_report.TestTotals.test_13_total_free_qty) ... ok
test_14_total_quantity (test_purchase_report.TestTotals.test_14_total_quantity) ... ok
test_15_gross_amount (test_purchase_report.TestTotals.test_15_gross_amount) ... ok
test_16_gst_amount (test_purchase_report.TestTotals.test_16_gst_amount) ... ok
test_17_discount (test_purchase_report.TestTotals.test_17_discount) ... ok
test_18_net_amount (test_purchase_report.TestTotals.test_18_net_amount) ... ok
test_19_multiple_suppliers (test_purchase_report.TestTotals.test_19_multiple_suppliers) ... ok
test_20_multiple_batches (test_purchase_report.TestTotals.test_20_multiple_batches) ... ok
test_01_empty_report (test_sales_report.TestBasics.test_01_empty_report) ... ok
test_02_one_sale (test_sales_report.TestBasics.test_02_one_sale) ... ok
test_03_multiple_sales (test_sales_report.TestBasics.test_03_multiple_sales) ... ok
test_04_multiple_items_one_sale (test_sales_report.TestBasics.test_04_multiple_items_one_sale) ... ok
test_05_date_filtering (test_sales_report.TestFilters.test_05_date_filtering) ... ok
test_06_customer_filtering (test_sales_report.TestFilters.test_06_customer_filtering) ... ok
test_07_item_filtering (test_sales_report.TestFilters.test_07_item_filtering) ... ok
test_08_company_filtering (test_sales_report.TestFilters.test_08_company_filtering) ... ok
test_09_doctor_filtering (test_sales_report.TestFilters.test_09_doctor_filtering) ... ok
test_10_bill_number_filtering (test_sales_report.TestFilters.test_10_bill_number_filtering) ... ok
test_11_patient_filtering (test_sales_report.TestFilters.test_11_patient_filtering) ... ok
test_27_persistence_after_restart (test_sales_report.TestPersistence.test_27_persistence_after_restart) ... ok
test_17_counter_sale_still_works (test_sales_report.TestRegressionModules.test_17_counter_sale_still_works) ... ok
test_18_purchase_still_works (test_sales_report.TestRegressionModules.test_18_purchase_still_works) ... ok
test_19_credit_note_still_works (test_sales_report.TestRegressionModules.test_19_credit_note_still_works) ... ok
test_20_debit_note_still_works (test_sales_report.TestRegressionModules.test_20_debit_note_still_works) ... ok
test_21_accounting_postings_unchanged (test_sales_report.TestRegressionModules.test_21_accounting_postings_unchanged) ... ok
test_22_trial_balance_still_works (test_sales_report.TestRegressionReports.test_22_trial_balance_still_works) ... ok
test_23_profit_loss_still_works (test_sales_report.TestRegressionReports.test_23_profit_loss_still_works) ... ok
test_24_balance_sheet_still_works (test_sales_report.TestRegressionReports.test_24_balance_sheet_still_works) ... ok
test_25_stock_master_still_works (test_sales_report.TestRegressionReports.test_25_stock_master_still_works) ... ok
test_26_all_master_screens_still_work (test_sales_report.TestRegressionReports.test_26_all_master_screens_still_work) ... ok
test_12_totals (test_sales_report.TestTotalsAndLifecycle.test_12_totals) ... ok
test_13_deleted_sale_excluded (test_sales_report.TestTotalsAndLifecycle.test_13_deleted_sale_excluded) ... ok
test_14_edited_sale_reflects_current_state (test_sales_report.TestTotalsAndLifecycle.test_14_edited_sale_reflects_current_state) ... ok
test_15_multiple_customers (test_sales_report.TestTotalsAndLifecycle.test_15_multiple_customers) ... ok
test_16_multiple_batches (test_sales_report.TestTotalsAndLifecycle.test_16_multiple_batches) ... ok
test_20_balance_initial (test_supplier_payment.TestSPBalance.test_20_balance_initial) ... ok
test_21_balance_after_payment (test_supplier_payment.TestSPBalance.test_21_balance_after_payment) ... ok
test_22_balance_after_debit_note_and_payment (test_supplier_payment.TestSPBalance.test_22_balance_after_debit_note_and_payment) ... ok
test_23_balance_after_full_payment (test_supplier_payment.TestSPBalance.test_23_balance_after_full_payment) ... ok
test_24_balance_overpayment (test_supplier_payment.TestSPBalance.test_24_balance_overpayment) ... ok
test_01_create_payment (test_supplier_payment.TestSPBasicCRUD.test_01_create_payment) ... ok
test_02_voucher_number_auto_increment (test_supplier_payment.TestSPBasicCRUD.test_02_voucher_number_auto_increment) ... ok
test_03_multiple_payments (test_supplier_payment.TestSPBasicCRUD.test_03_multiple_payments) ... ok
test_04_edit_payment (test_supplier_payment.TestSPBasicCRUD.test_04_edit_payment) ... ok
test_05_delete_payment (test_supplier_payment.TestSPBasicCRUD.test_05_delete_payment) ... ok
test_06_get_by_id_returns_none (test_supplier_payment.TestSPBasicCRUD.test_06_get_by_id_returns_none) ... ok
test_25_persistence_across_connections (test_supplier_payment.TestSPEdgeCases.test_25_persistence_across_connections) ... ok
test_26_purchase_still_works (test_supplier_payment.TestSPEdgeCases.test_26_purchase_still_works) ... ok
test_27_debit_note_still_works (test_supplier_payment.TestSPEdgeCases.test_27_debit_note_still_works) ... ok
test_28_all_master_screens_still_work (test_supplier_payment.TestSPEdgeCases.test_28_all_master_screens_still_work) ... ok
test_13_payment_modes (test_supplier_payment.TestSPFeatures.test_13_payment_modes) ... ok
test_14_reference_no_persisted (test_supplier_payment.TestSPFeatures.test_14_reference_no_persisted) ... ok
test_15_remarks_persisted (test_supplier_payment.TestSPFeatures.test_15_remarks_persisted) ... ok
test_16_multiple_suppliers (test_supplier_payment.TestSPFeatures.test_16_multiple_suppliers) ... ok
test_07_filter_by_date (test_supplier_payment.TestSPFiltering.test_07_filter_by_date) ... ok
test_08_filter_by_supplier (test_supplier_payment.TestSPFiltering.test_08_filter_by_supplier) ... ok
test_09_filter_all_returns_all (test_supplier_payment.TestSPFiltering.test_09_filter_all_returns_all) ... ok
test_17_get_all_returns_descending (test_supplier_payment.TestSPPersistence.test_17_get_all_returns_descending) ... ok
test_18_edit_preserves_voucher_no (test_supplier_payment.TestSPPersistence.test_18_edit_preserves_voucher_no) ... ok
test_19_delete_all_leaves_empty (test_supplier_payment.TestSPPersistence.test_19_delete_all_leaves_empty) ... ok
test_10_missing_supplier_raises (test_supplier_payment.TestSPValidation.test_10_missing_supplier_raises) ... ok
test_11_zero_amount_rejected (test_supplier_payment.TestSPValidation.test_11_zero_amount_rejected) ... ok
test_12_negative_amount_rejected (test_supplier_payment.TestSPValidation.test_12_negative_amount_rejected) ... ok
test_04_cash_payment_creates_two_rows (test_supplier_payment_posting.TestCashPaymentPosting.test_04_cash_payment_creates_two_rows) ... ok
test_05_supplier_ledger_debited (test_supplier_payment_posting.TestCashPaymentPosting.test_05_supplier_ledger_debited) ... ok
test_06_cash_ledger_credited (test_supplier_payment_posting.TestCashPaymentPosting.test_06_cash_ledger_credited) ... ok
test_07_reference_type_and_id (test_supplier_payment_posting.TestCashPaymentPosting.test_07_reference_type_and_id) ... ok
test_08_voucher_number_in_posting (test_supplier_payment_posting.TestCashPaymentPosting.test_08_voucher_number_in_posting) ... ok
test_21_delete_reverses_accounting (test_supplier_payment_posting.TestDelete.test_21_delete_reverses_accounting) ... ok
test_22_no_active_effect_after_delete (test_supplier_payment_posting.TestDelete.test_22_no_active_effect_after_delete) ... ok
test_13_duplicate_posting_raises (test_supplier_payment_posting.TestDuplicatePrevention.test_13_duplicate_posting_raises) ... ok
test_14_no_duplicate_active_effect (test_supplier_payment_posting.TestDuplicatePrevention.test_14_no_duplicate_active_effect) ... ok
test_17_edit_amount_reposts (test_supplier_payment_posting.TestEditAndRepost.test_17_edit_amount_reposts) ... ok
test_18_old_posting_reversed_on_edit (test_supplier_payment_posting.TestEditAndRepost.test_18_old_posting_reversed_on_edit) ... ok
test_19_edit_mode_cash_to_bank (test_supplier_payment_posting.TestEditAndRepost.test_19_edit_mode_cash_to_bank) ... ok
test_20_supplier_stays_correctly_mapped (test_supplier_payment_posting.TestEditAndRepost.test_20_supplier_stays_correctly_mapped) ... ok
test_23_missing_supplier_ledger (test_supplier_payment_posting.TestFailureSafety.test_23_missing_supplier_ledger) ... ok
test_24_missing_cash_system_ledger (test_supplier_payment_posting.TestFailureSafety.test_24_missing_cash_system_ledger) ... ok
test_25_missing_bank_system_ledger (test_supplier_payment_posting.TestFailureSafety.test_25_missing_bank_system_ledger) ... ok
test_26_invalid_amount_zero (test_supplier_payment_posting.TestFailureSafety.test_26_invalid_amount_zero) ... ok
test_27_invalid_amount_negative (test_supplier_payment_posting.TestFailureSafety.test_27_invalid_amount_negative) ... ok
test_28_unsupported_payment_mode (test_supplier_payment_posting.TestFailureSafety.test_28_unsupported_payment_mode) ... ok
test_09_bank_payment_credits_bank_ledger (test_supplier_payment_posting.TestPaymentModes.test_09_bank_payment_credits_bank_ledger) ... ok
test_10_cheque_payment_credits_bank_ledger (test_supplier_payment_posting.TestPaymentModes.test_10_cheque_payment_credits_bank_ledger) ... ok
test_11_upi_payment_credits_bank_ledger (test_supplier_payment_posting.TestPaymentModes.test_11_upi_payment_credits_bank_ledger) ... ok
test_12_bank_payment_debits_supplier (test_supplier_payment_posting.TestPaymentModes.test_12_bank_payment_debits_supplier) ... ok
test_29_restart_persistence (test_supplier_payment_posting.TestPersistenceAndLedger.test_29_restart_persistence) ... ok
test_30_account_ledger_displays_payment_entries (test_supplier_payment_posting.TestPersistenceAndLedger.test_30_account_ledger_displays_payment_entries) ... ok
test_31_supplier_payment_crud_still_works (test_supplier_payment_posting.TestRegression.test_31_supplier_payment_crud_still_works) ... ok
test_32_customer_receipt_still_works (test_supplier_payment_posting.TestRegression.test_32_customer_receipt_still_works) ... ok
test_33_purchase_still_works (test_supplier_payment_posting.TestRegression.test_33_purchase_still_works) ... ok
test_34_counter_sale_still_works (test_supplier_payment_posting.TestRegression.test_34_counter_sale_still_works) ... ok
test_35_credit_note_still_works (test_supplier_payment_posting.TestRegression.test_35_credit_note_still_works) ... ok
test_36_debit_note_still_works (test_supplier_payment_posting.TestRegression.test_36_debit_note_still_works) ... ok
test_37_journal_entry_still_works (test_supplier_payment_posting.TestRegression.test_37_journal_entry_still_works) ... ok
test_38_stock_master_still_works (test_supplier_payment_posting.TestRegression.test_38_stock_master_still_works) ... ok
test_39_all_master_screens_still_work (test_supplier_payment_posting.TestRegression.test_39_all_master_screens_still_work) ... ok
test_40_description_includes_payment_info (test_supplier_payment_posting.TestRegression.test_40_description_includes_payment_info) ... ok
test_41_description_without_reference (test_supplier_payment_posting.TestRegression.test_41_description_without_reference) ... ok
test_42_reversal_rows_have_correct_voucher_type (test_supplier_payment_posting.TestRegression.test_42_reversal_rows_have_correct_voucher_type) ... ok
test_43_multiple_payments_different_modes (test_supplier_payment_posting.TestRegression.test_43_multiple_payments_different_modes) ... ok
test_44_edit_preserves_voucher_no (test_supplier_payment_posting.TestRegression.test_44_edit_preserves_voucher_no) ... ok
test_45_delete_leaves_no_posting_rows_active (test_supplier_payment_posting.TestRegression.test_45_delete_leaves_no_posting_rows_active) ... ok
test_46_engine_is_posted_returns_false_after_reverse (test_supplier_payment_posting.TestRegression.test_46_engine_is_posted_returns_false_after_reverse) ... ok
test_15_reversal_creates_mirrored_rows (test_supplier_payment_posting.TestReversal.test_15_reversal_creates_mirrored_rows) ... ok
test_16_net_becomes_zero_after_reversal (test_supplier_payment_posting.TestReversal.test_16_net_becomes_zero_after_reversal) ... ok
test_01_supplier_has_linked_ledger (test_supplier_payment_posting.TestSetupAndLinkage.test_01_supplier_has_linked_ledger) ... ok
test_02_cash_system_ledger_exists (test_supplier_payment_posting.TestSetupAndLinkage.test_02_cash_system_ledger_exists) ... ok
test_03_bank_system_ledger_exists (test_supplier_payment_posting.TestSetupAndLinkage.test_03_bank_system_ledger_exists) ... ok
test_01_dark_palette_matches_current_app_colors (test_theme.TestTheme.test_01_dark_palette_matches_current_app_colors) ... ok
test_02_light_palette_is_light_and_complete (test_theme.TestTheme.test_02_light_palette_is_light_and_complete) ... ok
test_03_both_modes_keep_brand_accent (test_theme.TestTheme.test_03_both_modes_keep_brand_accent) ... ok
test_04_toggle_flips_mode (test_theme.TestTheme.test_04_toggle_flips_mode) ... ok
test_05_invalid_mode_rejected (test_theme.TestTheme.test_05_invalid_mode_rejected) ... ok
test_06_mode_persists_to_disk (test_theme.TestTheme.test_06_mode_persists_to_disk) ... ok
test_07_new_manager_loads_persisted_mode (test_theme.TestTheme.test_07_new_manager_loads_persisted_mode) ... ok
test_08_missing_file_defaults_to_light (test_theme.TestTheme.test_08_missing_file_defaults_to_light) ... ok
test_09_corrupt_file_defaults_to_light (test_theme.TestTheme.test_09_corrupt_file_defaults_to_light) ... ok
test_10_on_changed_fires_on_toggle (test_theme.TestTheme.test_10_on_changed_fires_on_toggle) ... ok
test_11_palette_reflects_current_mode (test_theme.TestTheme.test_11_palette_reflects_current_mode) ... ok
test_12_nav_scheme_dark_keeps_original_look (test_theme.TestTheme.test_12_nav_scheme_dark_keeps_original_look) ... ok
test_13_nav_scheme_light_uses_dark_text (test_theme.TestTheme.test_13_nav_scheme_light_uses_dark_text) ... ok
test_14_nav_text_changes_with_mode (test_theme.TestTheme.test_14_nav_text_changes_with_mode) ... ok
test_15_nav_schemes_have_all_keys (test_theme.TestTheme.test_15_nav_schemes_have_all_keys) ... ok
test_16_nav_palette_follows_manager_mode (test_theme.TestTheme.test_16_nav_palette_follows_manager_mode) ... ok
test_01_empty_database (test_trial_balance.TestBasics.test_01_empty_database) ... ok
test_02_opening_debit_balance (test_trial_balance.TestBasics.test_02_opening_debit_balance) ... ok
test_03_opening_credit_balance (test_trial_balance.TestBasics.test_03_opening_credit_balance) ... ok
test_04_one_balanced_journal_entry (test_trial_balance.TestBasics.test_04_one_balanced_journal_entry) ... ok
test_05_multiple_journal_entries (test_trial_balance.TestBasics.test_05_multiple_journal_entries) ... ok
test_28_multi_line_journal (test_trial_balance.TestDetailChecks.test_28_multi_line_journal) ... ok
test_29_customer_ledger_multiple_transactions (test_trial_balance.TestDetailChecks.test_29_customer_ledger_multiple_transactions) ... ok
test_30_supplier_ledger_multiple_transactions (test_trial_balance.TestDetailChecks.test_30_supplier_ledger_multiple_transactions) ... ok
test_31_cash_ledger (test_trial_balance.TestDetailChecks.test_31_cash_ledger) ... ok
test_32_bank_ledger (test_trial_balance.TestDetailChecks.test_32_bank_ledger) ... ok
test_33_sales_ledger (test_trial_balance.TestDetailChecks.test_33_sales_ledger) ... ok
test_34_purchase_ledger (test_trial_balance.TestDetailChecks.test_34_purchase_ledger) ... ok
test_35_sales_return_ledger (test_trial_balance.TestDetailChecks.test_35_sales_return_ledger) ... ok
test_36_purchase_return_ledger (test_trial_balance.TestDetailChecks.test_36_purchase_return_ledger) ... ok
test_37_restart_persistence (test_trial_balance.TestDetailChecks.test_37_restart_persistence) ... ok
test_13_system_ledgers_included (test_trial_balance.TestInclusionAndFilters.test_13_system_ledgers_included) ... ok
test_14_customer_ledgers_included (test_trial_balance.TestInclusionAndFilters.test_14_customer_ledgers_included) ... ok
test_15_supplier_ledgers_included (test_trial_balance.TestInclusionAndFilters.test_15_supplier_ledgers_included) ... ok
test_16_zero_balance_behavior (test_trial_balance.TestInclusionAndFilters.test_16_zero_balance_behavior) ... ok
test_17_as_of_includes_earlier_transactions (test_trial_balance.TestInclusionAndFilters.test_17_as_of_includes_earlier_transactions) ... ok
test_18_as_of_excludes_future_transactions (test_trial_balance.TestInclusionAndFilters.test_18_as_of_excludes_future_transactions) ... ok
test_19_opening_balance_in_historical_as_of (test_trial_balance.TestInclusionAndFilters.test_19_opening_balance_in_historical_as_of) ... ok
test_20_total_debit_equals_total_credit (test_trial_balance.TestInvariantAndLifecycle.test_20_total_debit_equals_total_credit) ... ok
test_21_difference_calculated_correctly (test_trial_balance.TestInvariantAndLifecycle.test_21_difference_calculated_correctly) ... ok
test_22_unbalanced_data_reported_not_fixed (test_trial_balance.TestInvariantAndLifecycle.test_22_unbalanced_data_reported_not_fixed) ... ok
test_23_account_ledger_agrees_with_trial_balance (test_trial_balance.TestInvariantAndLifecycle.test_23_account_ledger_agrees_with_trial_balance) ... ok
test_24_reversal_rows_not_double_counted (test_trial_balance.TestInvariantAndLifecycle.test_24_reversal_rows_not_double_counted) ... ok
test_25_edited_transaction_current_net (test_trial_balance.TestInvariantAndLifecycle.test_25_edited_transaction_current_net) ... ok
test_26_deleted_transaction_no_active_effect (test_trial_balance.TestInvariantAndLifecycle.test_26_deleted_transaction_no_active_effect) ... ok
test_27_multiple_source_types_coexist (test_trial_balance.TestInvariantAndLifecycle.test_27_multiple_source_types_coexist) ... ok
test_42_account_ledger_works (test_trial_balance.TestRegression.test_42_account_ledger_works) ... ok
test_43_journal_entry_works (test_trial_balance.TestRegression.test_43_journal_entry_works) ... ok
test_44_customer_receipt_works (test_trial_balance.TestRegression.test_44_customer_receipt_works) ... ok
test_45_supplier_payment_works (test_trial_balance.TestRegression.test_45_supplier_payment_works) ... ok
test_46_counter_sale_works (test_trial_balance.TestRegression.test_46_counter_sale_works) ... ok
test_47_purchase_works (test_trial_balance.TestRegression.test_47_purchase_works) ... ok
test_48_credit_note_works (test_trial_balance.TestRegression.test_48_credit_note_works) ... ok
test_49_debit_note_works (test_trial_balance.TestRegression.test_49_debit_note_works) ... ok
test_50_all_master_pages_data_work (test_trial_balance.TestRegression.test_50_all_master_pages_data_work) ... ok
test_06_customer_receipt (test_trial_balance.TestSourceTypes.test_06_customer_receipt) ... ok
test_07_supplier_payment (test_trial_balance.TestSourceTypes.test_07_supplier_payment) ... ok
test_08_counter_sale (test_trial_balance.TestSourceTypes.test_08_counter_sale) ... ok
test_09_purchase_invoice (test_trial_balance.TestSourceTypes.test_09_purchase_invoice) ... ok
test_10_credit_note (test_trial_balance.TestSourceTypes.test_10_credit_note) ... ok
test_11_debit_note (test_trial_balance.TestSourceTypes.test_11_debit_note) ... ok
test_12_mixed_transactions (test_trial_balance.TestSourceTypes.test_12_mixed_transactions) ... ok
test_38_page_opens (test_trial_balance.TestTrialBalanceUI.test_38_page_opens) ... ok
test_39_generate_button_works (test_trial_balance.TestTrialBalanceUI.test_39_generate_button_works) ... ok
test_40_as_of_date_filter_works (test_trial_balance.TestTrialBalanceUI.test_40_as_of_date_filter_works) ... ok
test_41_zero_balance_toggle_works (test_trial_balance.TestTrialBalanceUI.test_41_zero_balance_toggle_works) ... ok

----------------------------------------------------------------------
Ran 2204 tests in 499.073s

OK
{
  "imported_rows": 54,
  "skipped_rows": 9,
  "warnings": 8,
  "backup": null,
  "verification_ok": true,
  "issues": []
}
{
  "dump": "C:\\Users\\savan\\AppData\\Local\\Temp\\p6f_test_3q68h8ke\\legacy.sql",
  "dump_bytes": 18809,
  "source_tables": 38,
  "source_rows": 79,
  "demo_rows_excluded": 3,
  "unsupported_tables": [
    "ledgeropbal",
    "challanvhheader"
  ],
  "findings": {
    "duplicate_item_names": 1,
    "no_journal_records": 1,
    "elapsed_seconds": 1
  }
}
written: {'markdown': 'C:\\Users\\savan\\AppData\\Local\\Temp\\p6f_test_3q68h8ke\\dry.md', 'json': 'C:\\Users\\savan\\AppData\\Local\\Temp\\p6f_test_3q68h8ke\\dry.json'}
{
  "ok": true,
  "issues": [],
  "integrity_check": "ok",
  "foreign_key_violations": 0,
  "legacy_users_imported": 0,
  "stock_reconciliation": {
    "legacy_batches": 2,
    "duplicate_legacy_rows": 1,
    "imported_batches": 2,
    "mismatches": 0,
    "missing": 0,
    "details": []
  },
  "orphans": {
    "sales_invoice_items_without_invoice": 0,
    "sales_invoice_items_without_item": 0,
    "sales_invoice_items_without_batch": 0,
    "purchase_invoice_items_without_invoice": 0,
    "ledger_transactions_without_ledger": 0,
    "customers_without_ledger": 0,
    "suppliers_without_ledger": 0
  }
}
{
  "ok": false,
  "issues": [
    "companies: expected 3 from companymst, found 0",
    "units: expected 2 from unitmst, found 0",
    "drugs: expected 2 from drugmst, found 0",
    "doctors: expected 3 from doctormst, found 0",
    "items: expected 4 from itemmst, found 0",
    "item_ingredients: expected 3 from itemdrugs, found 0",
    "purchase_invoices: expected 2 from invoicevhheader, found 0",
    "purchase_invoice_items: expected 2 from invoiceitemdetail, found 0",
    "sales_invoices: expected 2 from salesvhheader, found 0",
    "sales_invoice_items: expected 2 from salesitemdetail, found 0",
    "credit_notes: expected 1 from creditnotevhheader, found 0",
    "credit_note_items: expected 1 from creditnoteitemdetail, found 0",
    "debit_notes: expected 1 from debitnotevhheader, found 0",
    "debit_note_items: expected 1 from debitnoteitemdetail, found 0",
    "customer_receipts: expected 1 from receiptvhheader, found 0",
    "supplier_payments: expected 1 from paymentvhheader, found 0",
    "stock_batches: expected 3 from stockbalance, found 0",
    "financial_years: expected 2 from acyear, found 0",
    "ledger_transactions: expected 16, found 0"
  ],
  "integrity_check": "ok",
  "foreign_key_violations": 0,
  "legacy_users_imported": 0,
  "stock_reconciliation": {
    "legacy_batches": 2,
    "duplicate_legacy_rows": 1,
    "imported_batches": 0,
    "mismatches": 0,
    "missing": 2,
    "details": [
      {
        "legacy_item": 1,
        "batch": "B001",
        "legacy_qty": 65.0,
        "new_qty": null,
        "reason": "item not mapped"
      },
      {
        "legacy_item": 2,
        "batch": "B002",
        "legacy_qty": 50.0,
        "new_qty": null,
        "reason": "item not mapped"
      }
    ]
  },
  "orphans": {
    "sales_invoice_items_without_invoice": 0,
    "sales_invoice_items_without_item": 0,
    "sales_invoice_items_without_batch": 0,
    "purchase_invoice_items_without_invoice": 0,
    "ledger_transactions_without_ledger": 0,
    "customers_without_ledger": 0,
    "suppliers_without_ledger": 0
  }
}
